path,label
/content/drive/MyDrive/mark4.2/data/test/dragging_501.wav,dragging
/content/drive/MyDrive/mark4.2/data/test/dragging_502.wav,dragging
/content/drive/MyDrive/mark4.2/data/test/dragging_503.wav,dragging
/content/drive/MyDrive/mark4.2/data/test/dragging_504.wav,dragging
/content/drive/MyDrive/mark4.2/data/test/dragging_505.wav,dragging
/content/drive/MyDrive/mark4.2/data/test/dragging_506.wav,dragging
/content/drive/MyDrive/mark4.2/data/test/dragging_507.wav,dragging
/content/drive/MyDrive/mark4.2/data/test/dragging_508.wav,dragging
/content/drive/MyDrive/mark4.2/data/test/dragging_509.wav,dragging
/content/drive/MyDrive/mark4.2/data/test/dragging_510.wav,dragging
/content/drive/MyDrive/mark4.2/data/test/dragging_511.wav,dragging
/content/drive/MyDrive/mark4.2/data/test/dragging_512.wav,dragging
/content/drive/MyDrive/mark4.2/data/test/dragging_513.wav,dragging
/content/drive/MyDrive/mark4.2/data/test/dragging_514.wav,dragging
/content/drive/MyDrive/mark4.2/data/test/dragging_515.wav,dragging
/content/drive/MyDrive/mark4.2/data/test/dragging_516.wav,dragging
/content/drive/MyDrive/mark4.2/data/test/dragging_517.wav,dragging
/content/drive/MyDrive/mark4.2/data/test/dragging_518.wav,dragging
/content/drive/MyDrive/mark4.2/data/test/dragging_519.wav,dragging
/content/drive/MyDrive/mark4.2/data/test/dragging_520.wav,dragging
/content/drive/MyDrive/mark4.2/data/test/dragging_521.wav,dragging
/content/drive/MyDrive/mark4.2/data/test/dragging_522.wav,dragging
/content/drive/MyDrive/mark4.2/data/test/dragging_523.wav,dragging
/content/drive/MyDrive/mark4.2/data/test/dragging_524.wav,dragging
/content/drive/MyDrive/mark4.2/data/test/dragging_525.wav,dragging
/content/drive/MyDrive/mark4.2/data/test/dragging_526.wav,dragging
/content/drive/MyDrive/mark4.2/data/test/dragging_527.wav,dragging
/content/drive/MyDrive/mark4.2/data/test/dragging_528.wav,dragging
/content/drive/MyDrive/mark4.2/data/test/dragging_529.wav,dragging
/content/drive/MyDrive/mark4.2/data/test/dragging_530.wav,dragging
/content/drive/MyDrive/mark4.2/data/test/dragging_531.wav,dragging
/content/drive/MyDrive/mark4.2/data/test/dragging_532.wav,dragging
/content/drive/MyDrive/mark4.2/data/test/dragging_533.wav,dragging
/content/drive/MyDrive/mark4.2/data/test/dragging_534.wav,dragging
/content/drive/MyDrive/mark4.2/data/test/dragging_535.wav,dragging
/content/drive/MyDrive/mark4.2/data/test/dragging_536.wav,dragging
/content/drive/MyDrive/mark4.2/data/test/dragging_537.wav,dragging
/content/drive/MyDrive/mark4.2/data/test/dragging_538.wav,dragging
/content/drive/MyDrive/mark4.2/data/test/dragging_539.wav,dragging
/content/drive/MyDrive/mark4.2/data/test/dragging_540.wav,dragging
/content/drive/MyDrive/mark4.2/data/test/dragging_541.wav,dragging
/content/drive/MyDrive/mark4.2/data/test/dragging_542.wav,dragging
/content/drive/MyDrive/mark4.2/data/test/dragging_543.wav,dragging
/content/drive/MyDrive/mark4.2/data/test/dragging_544.wav,dragging
/content/drive/MyDrive/mark4.2/data/test/dragging_545.wav,dragging
/content/drive/MyDrive/mark4.2/data/test/dragging_546.wav,dragging
/content/drive/MyDrive/mark4.2/data/test/dragging_547.wav,dragging
/content/drive/MyDrive/mark4.2/data/test/dragging_548.wav,dragging
/content/drive/MyDrive/mark4.2/data/test/dragging_549.wav,dragging
/content/drive/MyDrive/mark4.2/data/test/dragging_550.wav,dragging
/content/drive/MyDrive/mark4.2/data/test/dragging_551.wav,dragging
/content/drive/MyDrive/mark4.2/data/test/dragging_552.wav,dragging
/content/drive/MyDrive/mark4.2/data/test/dragging_553.wav,dragging
/content/drive/MyDrive/mark4.2/data/test/dragging_554.wav,dragging
/content/drive/MyDrive/mark4.2/data/test/dragging_555.wav,dragging
/content/drive/MyDrive/mark4.2/data/test/dragging_556.wav,dragging
/content/drive/MyDrive/mark4.2/data/test/dragging_557.wav,dragging
/content/drive/MyDrive/mark4.2/data/test/dragging_558.wav,dragging
/content/drive/MyDrive/mark4.2/data/test/dragging_559.wav,dragging
/content/drive/MyDrive/mark4.2/data/test/dragging_560.wav,dragging
/content/drive/MyDrive/mark4.2/data/test/dragging_561.wav,dragging
/content/drive/MyDrive/mark4.2/data/test/dragging_562.wav,dragging
/content/drive/MyDrive/mark4.2/data/test/dragging_563.wav,dragging
/content/drive/MyDrive/mark4.2/data/test/dragging_564.wav,dragging
/content/drive/MyDrive/mark4.2/data/test/dragging_565.wav,dragging
/content/drive/MyDrive/mark4.2/data/test/dragging_566.wav,dragging
/content/drive/MyDrive/mark4.2/data/test/dragging_567.wav,dragging
/content/drive/MyDrive/mark4.2/data/test/dragging_568.wav,dragging
/content/drive/MyDrive/mark4.2/data/test/dragging_569.wav,dragging
/content/drive/MyDrive/mark4.2/data/test/dragging_570.wav,dragging
/content/drive/MyDrive/mark4.2/data/test/dragging_571.wav,dragging
/content/drive/MyDrive/mark4.2/data/test/dragging_572.wav,dragging
/content/drive/MyDrive/mark4.2/data/test/dragging_573.wav,dragging
/content/drive/MyDrive/mark4.2/data/test/dragging_574.wav,dragging
/content/drive/MyDrive/mark4.2/data/test/dragging_575.wav,dragging
/content/drive/MyDrive/mark4.2/data/test/dragging_576.wav,dragging
/content/drive/MyDrive/mark4.2/data/test/dragging_577.wav,dragging
/content/drive/MyDrive/mark4.2/data/test/dragging_578.wav,dragging
/content/drive/MyDrive/mark4.2/data/test/dragging_579.wav,dragging
/content/drive/MyDrive/mark4.2/data/test/dragging_580.wav,dragging
/content/drive/MyDrive/mark4.2/data/test/dragging_581.wav,dragging
/content/drive/MyDrive/mark4.2/data/test/dragging_582.wav,dragging
/content/drive/MyDrive/mark4.2/data/test/dragging_583.wav,dragging
/content/drive/MyDrive/mark4.2/data/test/dragging_584.wav,dragging
/content/drive/MyDrive/mark4.2/data/test/dragging_585.wav,dragging
/content/drive/MyDrive/mark4.2/data/test/dragging_586.wav,dragging
/content/drive/MyDrive/mark4.2/data/test/dragging_587.wav,dragging
/content/drive/MyDrive/mark4.2/data/test/dragging_588.wav,dragging
/content/drive/MyDrive/mark4.2/data/test/dragging_589.wav,dragging
/content/drive/MyDrive/mark4.2/data/test/dragging_590.wav,dragging
/content/drive/MyDrive/mark4.2/data/test/dragging_591.wav,dragging
/content/drive/MyDrive/mark4.2/data/test/dragging_592.wav,dragging
/content/drive/MyDrive/mark4.2/data/test/dragging_593.wav,dragging
/content/drive/MyDrive/mark4.2/data/test/dragging_594.wav,dragging
/content/drive/MyDrive/mark4.2/data/test/dragging_595.wav,dragging
/content/drive/MyDrive/mark4.2/data/test/dragging_596.wav,dragging
/content/drive/MyDrive/mark4.2/data/test/dragging_597.wav,dragging
/content/drive/MyDrive/mark4.2/data/test/dragging_598.wav,dragging
/content/drive/MyDrive/mark4.2/data/test/dragging_599.wav,dragging
/content/drive/MyDrive/mark4.2/data/test/dragging_600.wav,dragging
/content/drive/MyDrive/mark4.2/data/test/others_501.wav,others
/content/drive/MyDrive/mark4.2/data/test/others_502.wav,others
/content/drive/MyDrive/mark4.2/data/test/others_503.wav,others
/content/drive/MyDrive/mark4.2/data/test/others_504.wav,others
/content/drive/MyDrive/mark4.2/data/test/others_505.wav,others
/content/drive/MyDrive/mark4.2/data/test/others_506.wav,others
/content/drive/MyDrive/mark4.2/data/test/others_507.wav,others
/content/drive/MyDrive/mark4.2/data/test/others_508.wav,others
/content/drive/MyDrive/mark4.2/data/test/others_509.wav,others
/content/drive/MyDrive/mark4.2/data/test/others_510.wav,others
/content/drive/MyDrive/mark4.2/data/test/others_511.wav,others
/content/drive/MyDrive/mark4.2/data/test/others_512.wav,others
/content/drive/MyDrive/mark4.2/data/test/others_513.wav,others
/content/drive/MyDrive/mark4.2/data/test/others_514.wav,others
/content/drive/MyDrive/mark4.2/data/test/others_515.wav,others
/content/drive/MyDrive/mark4.2/data/test/others_516.wav,others
/content/drive/MyDrive/mark4.2/data/test/others_517.wav,others
/content/drive/MyDrive/mark4.2/data/test/others_518.wav,others
/content/drive/MyDrive/mark4.2/data/test/others_519.wav,others
/content/drive/MyDrive/mark4.2/data/test/others_520.wav,others
/content/drive/MyDrive/mark4.2/data/test/others_521.wav,others
/content/drive/MyDrive/mark4.2/data/test/others_522.wav,others
/content/drive/MyDrive/mark4.2/data/test/others_523.wav,others
/content/drive/MyDrive/mark4.2/data/test/others_524.wav,others
/content/drive/MyDrive/mark4.2/data/test/others_525.wav,others
/content/drive/MyDrive/mark4.2/data/test/others_526.wav,others
/content/drive/MyDrive/mark4.2/data/test/others_527.wav,others
/content/drive/MyDrive/mark4.2/data/test/others_528.wav,others
/content/drive/MyDrive/mark4.2/data/test/others_529.wav,others
/content/drive/MyDrive/mark4.2/data/test/others_530.wav,others
/content/drive/MyDrive/mark4.2/data/test/others_531.wav,others
/content/drive/MyDrive/mark4.2/data/test/others_532.wav,others
/content/drive/MyDrive/mark4.2/data/test/others_533.wav,others
/content/drive/MyDrive/mark4.2/data/test/others_534.wav,others
/content/drive/MyDrive/mark4.2/data/test/others_535.wav,others
/content/drive/MyDrive/mark4.2/data/test/others_536.wav,others
/content/drive/MyDrive/mark4.2/data/test/others_537.wav,others
/content/drive/MyDrive/mark4.2/data/test/others_538.wav,others
/content/drive/MyDrive/mark4.2/data/test/others_539.wav,others
/content/drive/MyDrive/mark4.2/data/test/others_540.wav,others
/content/drive/MyDrive/mark4.2/data/test/others_541.wav,others
/content/drive/MyDrive/mark4.2/data/test/others_542.wav,others
/content/drive/MyDrive/mark4.2/data/test/others_543.wav,others
/content/drive/MyDrive/mark4.2/data/test/others_544.wav,others
/content/drive/MyDrive/mark4.2/data/test/others_545.wav,others
/content/drive/MyDrive/mark4.2/data/test/others_546.wav,others
/content/drive/MyDrive/mark4.2/data/test/others_547.wav,others
/content/drive/MyDrive/mark4.2/data/test/others_548.wav,others
/content/drive/MyDrive/mark4.2/data/test/others_549.wav,others
/content/drive/MyDrive/mark4.2/data/test/others_550.wav,others
/content/drive/MyDrive/mark4.2/data/test/others_551.wav,others
/content/drive/MyDrive/mark4.2/data/test/others_552.wav,others
/content/drive/MyDrive/mark4.2/data/test/others_553.wav,others
/content/drive/MyDrive/mark4.2/data/test/others_554.wav,others
/content/drive/MyDrive/mark4.2/data/test/others_555.wav,others
/content/drive/MyDrive/mark4.2/data/test/others_556.wav,others
/content/drive/MyDrive/mark4.2/data/test/others_557.wav,others
/content/drive/MyDrive/mark4.2/data/test/others_558.wav,others
/content/drive/MyDrive/mark4.2/data/test/others_559.wav,others
/content/drive/MyDrive/mark4.2/data/test/others_560.wav,others
/content/drive/MyDrive/mark4.2/data/test/others_561.wav,others
/content/drive/MyDrive/mark4.2/data/test/others_562.wav,others
/content/drive/MyDrive/mark4.2/data/test/others_563.wav,others
/content/drive/MyDrive/mark4.2/data/test/others_564.wav,others
/content/drive/MyDrive/mark4.2/data/test/others_565.wav,others
/content/drive/MyDrive/mark4.2/data/test/others_566.wav,others
/content/drive/MyDrive/mark4.2/data/test/others_567.wav,others
/content/drive/MyDrive/mark4.2/data/test/others_568.wav,others
/content/drive/MyDrive/mark4.2/data/test/others_569.wav,others
/content/drive/MyDrive/mark4.2/data/test/others_570.wav,others
/content/drive/MyDrive/mark4.2/data/test/others_571.wav,others
/content/drive/MyDrive/mark4.2/data/test/others_572.wav,others
/content/drive/MyDrive/mark4.2/data/test/others_573.wav,others
/content/drive/MyDrive/mark4.2/data/test/others_574.wav,others
/content/drive/MyDrive/mark4.2/data/test/others_575.wav,others
/content/drive/MyDrive/mark4.2/data/test/others_576.wav,others
/content/drive/MyDrive/mark4.2/data/test/others_577.wav,others
/content/drive/MyDrive/mark4.2/data/test/others_578.wav,others
/content/drive/MyDrive/mark4.2/data/test/others_579.wav,others
/content/drive/MyDrive/mark4.2/data/test/others_580.wav,others
/content/drive/MyDrive/mark4.2/data/test/others_581.wav,others
/content/drive/MyDrive/mark4.2/data/test/others_582.wav,others
/content/drive/MyDrive/mark4.2/data/test/others_583.wav,others
/content/drive/MyDrive/mark4.2/data/test/others_584.wav,others
/content/drive/MyDrive/mark4.2/data/test/others_585.wav,others
/content/drive/MyDrive/mark4.2/data/test/others_586.wav,others
/content/drive/MyDrive/mark4.2/data/test/others_587.wav,others
/content/drive/MyDrive/mark4.2/data/test/others_588.wav,others
/content/drive/MyDrive/mark4.2/data/test/others_589.wav,others
/content/drive/MyDrive/mark4.2/data/test/others_590.wav,others
/content/drive/MyDrive/mark4.2/data/test/others_591.wav,others
/content/drive/MyDrive/mark4.2/data/test/others_592.wav,others
/content/drive/MyDrive/mark4.2/data/test/others_593.wav,others
/content/drive/MyDrive/mark4.2/data/test/others_594.wav,others
/content/drive/MyDrive/mark4.2/data/test/others_595.wav,others
/content/drive/MyDrive/mark4.2/data/test/others_596.wav,others
/content/drive/MyDrive/mark4.2/data/test/others_597.wav,others
/content/drive/MyDrive/mark4.2/data/test/others_598.wav,others
/content/drive/MyDrive/mark4.2/data/test/others_599.wav,others
/content/drive/MyDrive/mark4.2/data/test/others_600.wav,others
/content/drive/MyDrive/mark4.2/data/train/dragging_1.wav,dragging
/content/drive/MyDrive/mark4.2/data/train/dragging_10.wav,dragging
/content/drive/MyDrive/mark4.2/data/train/dragging_100.wav,dragging
/content/drive/MyDrive/mark4.2/data/train/dragging_101.wav,dragging
/content/drive/MyDrive/mark4.2/data/train/dragging_102.wav,dragging
/content/drive/MyDrive/mark4.2/data/train/dragging_103.wav,dragging
/content/drive/MyDrive/mark4.2/data/train/dragging_104.wav,dragging
/content/drive/MyDrive/mark4.2/data/train/dragging_105.wav,dragging
/content/drive/MyDrive/mark4.2/data/train/dragging_106.wav,dragging
/content/drive/MyDrive/mark4.2/data/train/dragging_107.wav,dragging
/content/drive/MyDrive/mark4.2/data/train/dragging_108.wav,dragging
/content/drive/MyDrive/mark4.2/data/train/dragging_109.wav,dragging
/content/drive/MyDrive/mark4.2/data/train/dragging_11.wav,dragging
/content/drive/MyDrive/mark4.2/data/train/dragging_110.wav,dragging
/content/drive/MyDrive/mark4.2/data/train/dragging_111.wav,dragging
/content/drive/MyDrive/mark4.2/data/train/dragging_112.wav,dragging
/content/drive/MyDrive/mark4.2/data/train/dragging_113.wav,dragging
/content/drive/MyDrive/mark4.2/data/train/dragging_114.wav,dragging
/content/drive/MyDrive/mark4.2/data/train/dragging_115.wav,dragging
/content/drive/MyDrive/mark4.2/data/train/dragging_116.wav,dragging
/content/drive/MyDrive/mark4.2/data/train/dragging_117.wav,dragging
/content/drive/MyDrive/mark4.2/data/train/dragging_118.wav,dragging
/content/drive/MyDrive/mark4.2/data/train/dragging_119.wav,dragging
/content/drive/MyDrive/mark4.2/data/train/dragging_12.wav,dragging
/content/drive/MyDrive/mark4.2/data/train/dragging_120.wav,dragging
/content/drive/MyDrive/mark4.2/data/train/dragging_121.wav,dragging
/content/drive/MyDrive/mark4.2/data/train/dragging_122.wav,dragging
/content/drive/MyDrive/mark4.2/data/train/dragging_123.wav,dragging
/content/drive/MyDrive/mark4.2/data/train/dragging_124.wav,dragging
/content/drive/MyDrive/mark4.2/data/train/dragging_125.wav,dragging
/content/drive/MyDrive/mark4.2/data/train/dragging_126.wav,dragging
/content/drive/MyDrive/mark4.2/data/train/dragging_127.wav,dragging
/content/drive/MyDrive/mark4.2/data/train/dragging_128.wav,dragging
/content/drive/MyDrive/mark4.2/data/train/dragging_129.wav,dragging
/content/drive/MyDrive/mark4.2/data/train/dragging_13.wav,dragging
/content/drive/MyDrive/mark4.2/data/train/dragging_130.wav,dragging
/content/drive/MyDrive/mark4.2/data/train/dragging_131.wav,dragging
/content/drive/MyDrive/mark4.2/data/train/dragging_132.wav,dragging
/content/drive/MyDrive/mark4.2/data/train/dragging_133.wav,dragging
/content/drive/MyDrive/mark4.2/data/train/dragging_134.wav,dragging
/content/drive/MyDrive/mark4.2/data/train/dragging_135.wav,dragging
/content/drive/MyDrive/mark4.2/data/train/dragging_136.wav,dragging
/content/drive/MyDrive/mark4.2/data/train/dragging_137.wav,dragging
/content/drive/MyDrive/mark4.2/data/train/dragging_138.wav,dragging
/content/drive/MyDrive/mark4.2/data/train/dragging_139.wav,dragging
/content/drive/MyDrive/mark4.2/data/train/dragging_14.wav,dragging
/content/drive/MyDrive/mark4.2/data/train/dragging_140.wav,dragging
/content/drive/MyDrive/mark4.2/data/train/dragging_141.wav,dragging
/content/drive/MyDrive/mark4.2/data/train/dragging_142.wav,dragging
/content/drive/MyDrive/mark4.2/data/train/dragging_143.wav,dragging
/content/drive/MyDrive/mark4.2/data/train/dragging_144.wav,dragging
/content/drive/MyDrive/mark4.2/data/train/dragging_145.wav,dragging
/content/drive/MyDrive/mark4.2/data/train/dragging_146.wav,dragging
/content/drive/MyDrive/mark4.2/data/train/dragging_147.wav,dragging
/content/drive/MyDrive/mark4.2/data/train/dragging_148.wav,dragging
/content/drive/MyDrive/mark4.2/data/train/dragging_149.wav,dragging
/content/drive/MyDrive/mark4.2/data/train/dragging_15.wav,dragging
/content/drive/MyDrive/mark4.2/data/train/dragging_150.wav,dragging
/content/drive/MyDrive/mark4.2/data/train/dragging_151.wav,dragging
/content/drive/MyDrive/mark4.2/data/train/dragging_152.wav,dragging
/content/drive/MyDrive/mark4.2/data/train/dragging_153.wav,dragging
/content/drive/MyDrive/mark4.2/data/train/dragging_154.wav,dragging
/content/drive/MyDrive/mark4.2/data/train/dragging_155.wav,dragging
/content/drive/MyDrive/mark4.2/data/train/dragging_156.wav,dragging
/content/drive/MyDrive/mark4.2/data/train/dragging_157.wav,dragging
/content/drive/MyDrive/mark4.2/data/train/dragging_158.wav,dragging
/content/drive/MyDrive/mark4.2/data/train/dragging_159.wav,dragging
/content/drive/MyDrive/mark4.2/data/train/dragging_16.wav,dragging
/content/drive/MyDrive/mark4.2/data/train/dragging_160.wav,dragging
/content/drive/MyDrive/mark4.2/data/train/dragging_161.wav,dragging
/content/drive/MyDrive/mark4.2/data/train/dragging_162.wav,dragging
/content/drive/MyDrive/mark4.2/data/train/dragging_163.wav,dragging
/content/drive/MyDrive/mark4.2/data/train/dragging_164.wav,dragging
/content/drive/MyDrive/mark4.2/data/train/dragging_165.wav,dragging
/content/drive/MyDrive/mark4.2/data/train/dragging_166.wav,dragging
/content/drive/MyDrive/mark4.2/data/train/dragging_167.wav,dragging
/content/drive/MyDrive/mark4.2/data/train/dragging_168.wav,dragging
/content/drive/MyDrive/mark4.2/data/train/dragging_169.wav,dragging
/content/drive/MyDrive/mark4.2/data/train/dragging_17.wav,dragging
/content/drive/MyDrive/mark4.2/data/train/dragging_170.wav,dragging
/content/drive/MyDrive/mark4.2/data/train/dragging_171.wav,dragging
/content/drive/MyDrive/mark4.2/data/train/dragging_172.wav,dragging
/content/drive/MyDrive/mark4.2/data/train/dragging_173.wav,dragging
/content/drive/MyDrive/mark4.2/data/train/dragging_174.wav,dragging
/content/drive/MyDrive/mark4.2/data/train/dragging_175.wav,dragging
/content/drive/MyDrive/mark4.2/data/train/dragging_176.wav,dragging
/content/drive/MyDrive/mark4.2/data/train/dragging_177.wav,dragging
/content/drive/MyDrive/mark4.2/data/train/dragging_178.wav,dragging
/content/drive/MyDrive/mark4.2/data/train/dragging_179.wav,dragging
/content/drive/MyDrive/mark4.2/data/train/dragging_18.wav,dragging
/content/drive/MyDrive/mark4.2/data/train/dragging_180.wav,dragging
/content/drive/MyDrive/mark4.2/data/train/dragging_181.wav,dragging
/content/drive/MyDrive/mark4.2/data/train/dragging_182.wav,dragging
/content/drive/MyDrive/mark4.2/data/train/dragging_183.wav,dragging
/content/drive/MyDrive/mark4.2/data/train/dragging_184.wav,dragging
/content/drive/MyDrive/mark4.2/data/train/dragging_185.wav,dragging
/content/drive/MyDrive/mark4.2/data/train/dragging_186.wav,dragging
/content/drive/MyDrive/mark4.2/data/train/dragging_187.wav,dragging
/content/drive/MyDrive/mark4.2/data/train/dragging_188.wav,dragging
/content/drive/MyDrive/mark4.2/data/train/dragging_189.wav,dragging
/content/drive/MyDrive/mark4.2/data/train/dragging_19.wav,dragging
/content/drive/MyDrive/mark4.2/data/train/dragging_190.wav,dragging
/content/drive/MyDrive/mark4.2/data/train/dragging_191.wav,dragging
/content/drive/MyDrive/mark4.2/data/train/dragging_192.wav,dragging
/content/drive/MyDrive/mark4.2/data/train/dragging_193.wav,dragging
/content/drive/MyDrive/mark4.2/data/train/dragging_194.wav,dragging
/content/drive/MyDrive/mark4.2/data/train/dragging_195.wav,dragging
/content/drive/MyDrive/mark4.2/data/train/dragging_196.wav,dragging
/content/drive/MyDrive/mark4.2/data/train/dragging_197.wav,dragging
/content/drive/MyDrive/mark4.2/data/train/dragging_198.wav,dragging
/content/drive/MyDrive/mark4.2/data/train/dragging_199.wav,dragging
/content/drive/MyDrive/mark4.2/data/train/dragging_2.wav,dragging
/content/drive/MyDrive/mark4.2/data/train/dragging_20.wav,dragging
/content/drive/MyDrive/mark4.2/data/train/dragging_200.wav,dragging
/content/drive/MyDrive/mark4.2/data/train/dragging_201.wav,dragging
/content/drive/MyDrive/mark4.2/data/train/dragging_202.wav,dragging
/content/drive/MyDrive/mark4.2/data/train/dragging_203.wav,dragging
/content/drive/MyDrive/mark4.2/data/train/dragging_204.wav,dragging
/content/drive/MyDrive/mark4.2/data/train/dragging_205.wav,dragging
/content/drive/MyDrive/mark4.2/data/train/dragging_206.wav,dragging
/content/drive/MyDrive/mark4.2/data/train/dragging_207.wav,dragging
/content/drive/MyDrive/mark4.2/data/train/dragging_208.wav,dragging
/content/drive/MyDrive/mark4.2/data/train/dragging_209.wav,dragging
/content/drive/MyDrive/mark4.2/data/train/dragging_21.wav,dragging
/content/drive/MyDrive/mark4.2/data/train/dragging_210.wav,dragging
/content/drive/MyDrive/mark4.2/data/train/dragging_211.wav,dragging
/content/drive/MyDrive/mark4.2/data/train/dragging_212.wav,dragging
/content/drive/MyDrive/mark4.2/data/train/dragging_213.wav,dragging
/content/drive/MyDrive/mark4.2/data/train/dragging_214.wav,dragging
/content/drive/MyDrive/mark4.2/data/train/dragging_215.wav,dragging
/content/drive/MyDrive/mark4.2/data/train/dragging_216.wav,dragging
/content/drive/MyDrive/mark4.2/data/train/dragging_217.wav,dragging
/content/drive/MyDrive/mark4.2/data/train/dragging_218.wav,dragging
/content/drive/MyDrive/mark4.2/data/train/dragging_219.wav,dragging
/content/drive/MyDrive/mark4.2/data/train/dragging_22.wav,dragging
/content/drive/MyDrive/mark4.2/data/train/dragging_220.wav,dragging
/content/drive/MyDrive/mark4.2/data/train/dragging_221.wav,dragging
/content/drive/MyDrive/mark4.2/data/train/dragging_222.wav,dragging
/content/drive/MyDrive/mark4.2/data/train/dragging_223.wav,dragging
/content/drive/MyDrive/mark4.2/data/train/dragging_224.wav,dragging
/content/drive/MyDrive/mark4.2/data/train/dragging_225.wav,dragging
/content/drive/MyDrive/mark4.2/data/train/dragging_226.wav,dragging
/content/drive/MyDrive/mark4.2/data/train/dragging_227.wav,dragging
/content/drive/MyDrive/mark4.2/data/train/dragging_228.wav,dragging
/content/drive/MyDrive/mark4.2/data/train/dragging_229.wav,dragging
/content/drive/MyDrive/mark4.2/data/train/dragging_23.wav,dragging
/content/drive/MyDrive/mark4.2/data/train/dragging_230.wav,dragging
/content/drive/MyDrive/mark4.2/data/train/dragging_231.wav,dragging
/content/drive/MyDrive/mark4.2/data/train/dragging_232.wav,dragging
/content/drive/MyDrive/mark4.2/data/train/dragging_233.wav,dragging
/content/drive/MyDrive/mark4.2/data/train/dragging_234.wav,dragging
/content/drive/MyDrive/mark4.2/data/train/dragging_235.wav,dragging
/content/drive/MyDrive/mark4.2/data/train/dragging_236.wav,dragging
/content/drive/MyDrive/mark4.2/data/train/dragging_237.wav,dragging
/content/drive/MyDrive/mark4.2/data/train/dragging_238.wav,dragging
/content/drive/MyDrive/mark4.2/data/train/dragging_239.wav,dragging
/content/drive/MyDrive/mark4.2/data/train/dragging_24.wav,dragging
/content/drive/MyDrive/mark4.2/data/train/dragging_240.wav,dragging
/content/drive/MyDrive/mark4.2/data/train/dragging_241.wav,dragging
/content/drive/MyDrive/mark4.2/data/train/dragging_242.wav,dragging
/content/drive/MyDrive/mark4.2/data/train/dragging_243.wav,dragging
/content/drive/MyDrive/mark4.2/data/train/dragging_244.wav,dragging
/content/drive/MyDrive/mark4.2/data/train/dragging_245.wav,dragging
/content/drive/MyDrive/mark4.2/data/train/dragging_246.wav,dragging
/content/drive/MyDrive/mark4.2/data/train/dragging_247.wav,dragging
/content/drive/MyDrive/mark4.2/data/train/dragging_248.wav,dragging
/content/drive/MyDrive/mark4.2/data/train/dragging_249.wav,dragging
/content/drive/MyDrive/mark4.2/data/train/dragging_25.wav,dragging
/content/drive/MyDrive/mark4.2/data/train/dragging_250.wav,dragging
/content/drive/MyDrive/mark4.2/data/train/dragging_251.wav,dragging
/content/drive/MyDrive/mark4.2/data/train/dragging_252.wav,dragging
/content/drive/MyDrive/mark4.2/data/train/dragging_253.wav,dragging
/content/drive/MyDrive/mark4.2/data/train/dragging_254.wav,dragging
/content/drive/MyDrive/mark4.2/data/train/dragging_255.wav,dragging
/content/drive/MyDrive/mark4.2/data/train/dragging_256.wav,dragging
/content/drive/MyDrive/mark4.2/data/train/dragging_257.wav,dragging
/content/drive/MyDrive/mark4.2/data/train/dragging_258.wav,dragging
/content/drive/MyDrive/mark4.2/data/train/dragging_259.wav,dragging
/content/drive/MyDrive/mark4.2/data/train/dragging_26.wav,dragging
/content/drive/MyDrive/mark4.2/data/train/dragging_260.wav,dragging
/content/drive/MyDrive/mark4.2/data/train/dragging_261.wav,dragging
/content/drive/MyDrive/mark4.2/data/train/dragging_262.wav,dragging
/content/drive/MyDrive/mark4.2/data/train/dragging_263.wav,dragging
/content/drive/MyDrive/mark4.2/data/train/dragging_264.wav,dragging
/content/drive/MyDrive/mark4.2/data/train/dragging_265.wav,dragging
/content/drive/MyDrive/mark4.2/data/train/dragging_266.wav,dragging
/content/drive/MyDrive/mark4.2/data/train/dragging_267.wav,dragging
/content/drive/MyDrive/mark4.2/data/train/dragging_268.wav,dragging
/content/drive/MyDrive/mark4.2/data/train/dragging_269.wav,dragging
/content/drive/MyDrive/mark4.2/data/train/dragging_27.wav,dragging
/content/drive/MyDrive/mark4.2/data/train/dragging_270.wav,dragging
/content/drive/MyDrive/mark4.2/data/train/dragging_271.wav,dragging
/content/drive/MyDrive/mark4.2/data/train/dragging_272.wav,dragging
/content/drive/MyDrive/mark4.2/data/train/dragging_273.wav,dragging
/content/drive/MyDrive/mark4.2/data/train/dragging_274.wav,dragging
/content/drive/MyDrive/mark4.2/data/train/dragging_275.wav,dragging
/content/drive/MyDrive/mark4.2/data/train/dragging_276.wav,dragging
/content/drive/MyDrive/mark4.2/data/train/dragging_277.wav,dragging
/content/drive/MyDrive/mark4.2/data/train/dragging_278.wav,dragging
/content/drive/MyDrive/mark4.2/data/train/dragging_279.wav,dragging
/content/drive/MyDrive/mark4.2/data/train/dragging_28.wav,dragging
/content/drive/MyDrive/mark4.2/data/train/dragging_280.wav,dragging
/content/drive/MyDrive/mark4.2/data/train/dragging_281.wav,dragging
/content/drive/MyDrive/mark4.2/data/train/dragging_282.wav,dragging
/content/drive/MyDrive/mark4.2/data/train/dragging_283.wav,dragging
/content/drive/MyDrive/mark4.2/data/train/dragging_284.wav,dragging
/content/drive/MyDrive/mark4.2/data/train/dragging_285.wav,dragging
/content/drive/MyDrive/mark4.2/data/train/dragging_286.wav,dragging
/content/drive/MyDrive/mark4.2/data/train/dragging_287.wav,dragging
/content/drive/MyDrive/mark4.2/data/train/dragging_288.wav,dragging
/content/drive/MyDrive/mark4.2/data/train/dragging_289.wav,dragging
/content/drive/MyDrive/mark4.2/data/train/dragging_29.wav,dragging
/content/drive/MyDrive/mark4.2/data/train/dragging_290.wav,dragging
/content/drive/MyDrive/mark4.2/data/train/dragging_291.wav,dragging
/content/drive/MyDrive/mark4.2/data/train/dragging_292.wav,dragging
/content/drive/MyDrive/mark4.2/data/train/dragging_293.wav,dragging
/content/drive/MyDrive/mark4.2/data/train/dragging_294.wav,dragging
/content/drive/MyDrive/mark4.2/data/train/dragging_295.wav,dragging
/content/drive/MyDrive/mark4.2/data/train/dragging_296.wav,dragging
/content/drive/MyDrive/mark4.2/data/train/dragging_297.wav,dragging
/content/drive/MyDrive/mark4.2/data/train/dragging_298.wav,dragging
/content/drive/MyDrive/mark4.2/data/train/dragging_299.wav,dragging
/content/drive/MyDrive/mark4.2/data/train/dragging_3.wav,dragging
/content/drive/MyDrive/mark4.2/data/train/dragging_30.wav,dragging
/content/drive/MyDrive/mark4.2/data/train/dragging_300.wav,dragging
/content/drive/MyDrive/mark4.2/data/train/dragging_301.wav,dragging
/content/drive/MyDrive/mark4.2/data/train/dragging_302.wav,dragging
/content/drive/MyDrive/mark4.2/data/train/dragging_303.wav,dragging
/content/drive/MyDrive/mark4.2/data/train/dragging_304.wav,dragging
/content/drive/MyDrive/mark4.2/data/train/dragging_305.wav,dragging
/content/drive/MyDrive/mark4.2/data/train/dragging_306.wav,dragging
/content/drive/MyDrive/mark4.2/data/train/dragging_307.wav,dragging
/content/drive/MyDrive/mark4.2/data/train/dragging_308.wav,dragging
/content/drive/MyDrive/mark4.2/data/train/dragging_309.wav,dragging
/content/drive/MyDrive/mark4.2/data/train/dragging_31.wav,dragging
/content/drive/MyDrive/mark4.2/data/train/dragging_310.wav,dragging
/content/drive/MyDrive/mark4.2/data/train/dragging_311.wav,dragging
/content/drive/MyDrive/mark4.2/data/train/dragging_312.wav,dragging
/content/drive/MyDrive/mark4.2/data/train/dragging_313.wav,dragging
/content/drive/MyDrive/mark4.2/data/train/dragging_314.wav,dragging
/content/drive/MyDrive/mark4.2/data/train/dragging_315.wav,dragging
/content/drive/MyDrive/mark4.2/data/train/dragging_316.wav,dragging
/content/drive/MyDrive/mark4.2/data/train/dragging_317.wav,dragging
/content/drive/MyDrive/mark4.2/data/train/dragging_318.wav,dragging
/content/drive/MyDrive/mark4.2/data/train/dragging_319.wav,dragging
/content/drive/MyDrive/mark4.2/data/train/dragging_32.wav,dragging
/content/drive/MyDrive/mark4.2/data/train/dragging_320.wav,dragging
/content/drive/MyDrive/mark4.2/data/train/dragging_321.wav,dragging
/content/drive/MyDrive/mark4.2/data/train/dragging_322.wav,dragging
/content/drive/MyDrive/mark4.2/data/train/dragging_323.wav,dragging
/content/drive/MyDrive/mark4.2/data/train/dragging_324.wav,dragging
/content/drive/MyDrive/mark4.2/data/train/dragging_325.wav,dragging
/content/drive/MyDrive/mark4.2/data/train/dragging_326.wav,dragging
/content/drive/MyDrive/mark4.2/data/train/dragging_327.wav,dragging
/content/drive/MyDrive/mark4.2/data/train/dragging_328.wav,dragging
/content/drive/MyDrive/mark4.2/data/train/dragging_329.wav,dragging
/content/drive/MyDrive/mark4.2/data/train/dragging_33.wav,dragging
/content/drive/MyDrive/mark4.2/data/train/dragging_330.wav,dragging
/content/drive/MyDrive/mark4.2/data/train/dragging_331.wav,dragging
/content/drive/MyDrive/mark4.2/data/train/dragging_332.wav,dragging
/content/drive/MyDrive/mark4.2/data/train/dragging_333.wav,dragging
/content/drive/MyDrive/mark4.2/data/train/dragging_334.wav,dragging
/content/drive/MyDrive/mark4.2/data/train/dragging_335.wav,dragging
/content/drive/MyDrive/mark4.2/data/train/dragging_336.wav,dragging
/content/drive/MyDrive/mark4.2/data/train/dragging_337.wav,dragging
/content/drive/MyDrive/mark4.2/data/train/dragging_338.wav,dragging
/content/drive/MyDrive/mark4.2/data/train/dragging_339.wav,dragging
/content/drive/MyDrive/mark4.2/data/train/dragging_34.wav,dragging
/content/drive/MyDrive/mark4.2/data/train/dragging_340.wav,dragging
/content/drive/MyDrive/mark4.2/data/train/dragging_341.wav,dragging
/content/drive/MyDrive/mark4.2/data/train/dragging_342.wav,dragging
/content/drive/MyDrive/mark4.2/data/train/dragging_343.wav,dragging
/content/drive/MyDrive/mark4.2/data/train/dragging_344.wav,dragging
/content/drive/MyDrive/mark4.2/data/train/dragging_345.wav,dragging
/content/drive/MyDrive/mark4.2/data/train/dragging_346.wav,dragging
/content/drive/MyDrive/mark4.2/data/train/dragging_347.wav,dragging
/content/drive/MyDrive/mark4.2/data/train/dragging_348.wav,dragging
/content/drive/MyDrive/mark4.2/data/train/dragging_349.wav,dragging
/content/drive/MyDrive/mark4.2/data/train/dragging_35.wav,dragging
/content/drive/MyDrive/mark4.2/data/train/dragging_350.wav,dragging
/content/drive/MyDrive/mark4.2/data/train/dragging_351.wav,dragging
/content/drive/MyDrive/mark4.2/data/train/dragging_352.wav,dragging
/content/drive/MyDrive/mark4.2/data/train/dragging_353.wav,dragging
/content/drive/MyDrive/mark4.2/data/train/dragging_354.wav,dragging
/content/drive/MyDrive/mark4.2/data/train/dragging_355.wav,dragging
/content/drive/MyDrive/mark4.2/data/train/dragging_356.wav,dragging
/content/drive/MyDrive/mark4.2/data/train/dragging_357.wav,dragging
/content/drive/MyDrive/mark4.2/data/train/dragging_358.wav,dragging
/content/drive/MyDrive/mark4.2/data/train/dragging_359.wav,dragging
/content/drive/MyDrive/mark4.2/data/train/dragging_36.wav,dragging
/content/drive/MyDrive/mark4.2/data/train/dragging_360.wav,dragging
/content/drive/MyDrive/mark4.2/data/train/dragging_361.wav,dragging
/content/drive/MyDrive/mark4.2/data/train/dragging_362.wav,dragging
/content/drive/MyDrive/mark4.2/data/train/dragging_363.wav,dragging
/content/drive/MyDrive/mark4.2/data/train/dragging_364.wav,dragging
/content/drive/MyDrive/mark4.2/data/train/dragging_365.wav,dragging
/content/drive/MyDrive/mark4.2/data/train/dragging_366.wav,dragging
/content/drive/MyDrive/mark4.2/data/train/dragging_367.wav,dragging
/content/drive/MyDrive/mark4.2/data/train/dragging_368.wav,dragging
/content/drive/MyDrive/mark4.2/data/train/dragging_369.wav,dragging
/content/drive/MyDrive/mark4.2/data/train/dragging_37.wav,dragging
/content/drive/MyDrive/mark4.2/data/train/dragging_370.wav,dragging
/content/drive/MyDrive/mark4.2/data/train/dragging_371.wav,dragging
/content/drive/MyDrive/mark4.2/data/train/dragging_372.wav,dragging
/content/drive/MyDrive/mark4.2/data/train/dragging_373.wav,dragging
/content/drive/MyDrive/mark4.2/data/train/dragging_374.wav,dragging
/content/drive/MyDrive/mark4.2/data/train/dragging_375.wav,dragging
/content/drive/MyDrive/mark4.2/data/train/dragging_376.wav,dragging
/content/drive/MyDrive/mark4.2/data/train/dragging_377.wav,dragging
/content/drive/MyDrive/mark4.2/data/train/dragging_378.wav,dragging
/content/drive/MyDrive/mark4.2/data/train/dragging_379.wav,dragging
/content/drive/MyDrive/mark4.2/data/train/dragging_38.wav,dragging
/content/drive/MyDrive/mark4.2/data/train/dragging_380.wav,dragging
/content/drive/MyDrive/mark4.2/data/train/dragging_381.wav,dragging
/content/drive/MyDrive/mark4.2/data/train/dragging_382.wav,dragging
/content/drive/MyDrive/mark4.2/data/train/dragging_383.wav,dragging
/content/drive/MyDrive/mark4.2/data/train/dragging_384.wav,dragging
/content/drive/MyDrive/mark4.2/data/train/dragging_385.wav,dragging
/content/drive/MyDrive/mark4.2/data/train/dragging_386.wav,dragging
/content/drive/MyDrive/mark4.2/data/train/dragging_387.wav,dragging
/content/drive/MyDrive/mark4.2/data/train/dragging_388.wav,dragging
/content/drive/MyDrive/mark4.2/data/train/dragging_389.wav,dragging
/content/drive/MyDrive/mark4.2/data/train/dragging_39.wav,dragging
/content/drive/MyDrive/mark4.2/data/train/dragging_390.wav,dragging
/content/drive/MyDrive/mark4.2/data/train/dragging_391.wav,dragging
/content/drive/MyDrive/mark4.2/data/train/dragging_392.wav,dragging
/content/drive/MyDrive/mark4.2/data/train/dragging_393.wav,dragging
/content/drive/MyDrive/mark4.2/data/train/dragging_394.wav,dragging
/content/drive/MyDrive/mark4.2/data/train/dragging_395.wav,dragging
/content/drive/MyDrive/mark4.2/data/train/dragging_396.wav,dragging
/content/drive/MyDrive/mark4.2/data/train/dragging_397.wav,dragging
/content/drive/MyDrive/mark4.2/data/train/dragging_398.wav,dragging
/content/drive/MyDrive/mark4.2/data/train/dragging_399.wav,dragging
/content/drive/MyDrive/mark4.2/data/train/dragging_4.wav,dragging
/content/drive/MyDrive/mark4.2/data/train/dragging_40.wav,dragging
/content/drive/MyDrive/mark4.2/data/train/dragging_400.wav,dragging
/content/drive/MyDrive/mark4.2/data/train/dragging_401.wav,dragging
/content/drive/MyDrive/mark4.2/data/train/dragging_402.wav,dragging
/content/drive/MyDrive/mark4.2/data/train/dragging_403.wav,dragging
/content/drive/MyDrive/mark4.2/data/train/dragging_404.wav,dragging
/content/drive/MyDrive/mark4.2/data/train/dragging_405.wav,dragging
/content/drive/MyDrive/mark4.2/data/train/dragging_406.wav,dragging
/content/drive/MyDrive/mark4.2/data/train/dragging_407.wav,dragging
/content/drive/MyDrive/mark4.2/data/train/dragging_408.wav,dragging
/content/drive/MyDrive/mark4.2/data/train/dragging_409.wav,dragging
/content/drive/MyDrive/mark4.2/data/train/dragging_41.wav,dragging
/content/drive/MyDrive/mark4.2/data/train/dragging_410.wav,dragging
/content/drive/MyDrive/mark4.2/data/train/dragging_411.wav,dragging
/content/drive/MyDrive/mark4.2/data/train/dragging_412.wav,dragging
/content/drive/MyDrive/mark4.2/data/train/dragging_413.wav,dragging
/content/drive/MyDrive/mark4.2/data/train/dragging_414.wav,dragging
/content/drive/MyDrive/mark4.2/data/train/dragging_415.wav,dragging
/content/drive/MyDrive/mark4.2/data/train/dragging_416.wav,dragging
/content/drive/MyDrive/mark4.2/data/train/dragging_417.wav,dragging
/content/drive/MyDrive/mark4.2/data/train/dragging_418.wav,dragging
/content/drive/MyDrive/mark4.2/data/train/dragging_419.wav,dragging
/content/drive/MyDrive/mark4.2/data/train/dragging_42.wav,dragging
/content/drive/MyDrive/mark4.2/data/train/dragging_420.wav,dragging
/content/drive/MyDrive/mark4.2/data/train/dragging_421.wav,dragging
/content/drive/MyDrive/mark4.2/data/train/dragging_422.wav,dragging
/content/drive/MyDrive/mark4.2/data/train/dragging_423.wav,dragging
/content/drive/MyDrive/mark4.2/data/train/dragging_424.wav,dragging
/content/drive/MyDrive/mark4.2/data/train/dragging_425.wav,dragging
/content/drive/MyDrive/mark4.2/data/train/dragging_426.wav,dragging
/content/drive/MyDrive/mark4.2/data/train/dragging_427.wav,dragging
/content/drive/MyDrive/mark4.2/data/train/dragging_428.wav,dragging
/content/drive/MyDrive/mark4.2/data/train/dragging_429.wav,dragging
/content/drive/MyDrive/mark4.2/data/train/dragging_43.wav,dragging
/content/drive/MyDrive/mark4.2/data/train/dragging_430.wav,dragging
/content/drive/MyDrive/mark4.2/data/train/dragging_431.wav,dragging
/content/drive/MyDrive/mark4.2/data/train/dragging_432.wav,dragging
/content/drive/MyDrive/mark4.2/data/train/dragging_433.wav,dragging
/content/drive/MyDrive/mark4.2/data/train/dragging_434.wav,dragging
/content/drive/MyDrive/mark4.2/data/train/dragging_435.wav,dragging
/content/drive/MyDrive/mark4.2/data/train/dragging_436.wav,dragging
/content/drive/MyDrive/mark4.2/data/train/dragging_437.wav,dragging
/content/drive/MyDrive/mark4.2/data/train/dragging_438.wav,dragging
/content/drive/MyDrive/mark4.2/data/train/dragging_439.wav,dragging
/content/drive/MyDrive/mark4.2/data/train/dragging_44.wav,dragging
/content/drive/MyDrive/mark4.2/data/train/dragging_440.wav,dragging
/content/drive/MyDrive/mark4.2/data/train/dragging_441.wav,dragging
/content/drive/MyDrive/mark4.2/data/train/dragging_442.wav,dragging
/content/drive/MyDrive/mark4.2/data/train/dragging_443.wav,dragging
/content/drive/MyDrive/mark4.2/data/train/dragging_444.wav,dragging
/content/drive/MyDrive/mark4.2/data/train/dragging_445.wav,dragging
/content/drive/MyDrive/mark4.2/data/train/dragging_446.wav,dragging
/content/drive/MyDrive/mark4.2/data/train/dragging_447.wav,dragging
/content/drive/MyDrive/mark4.2/data/train/dragging_448.wav,dragging
/content/drive/MyDrive/mark4.2/data/train/dragging_449.wav,dragging
/content/drive/MyDrive/mark4.2/data/train/dragging_45.wav,dragging
/content/drive/MyDrive/mark4.2/data/train/dragging_450.wav,dragging
/content/drive/MyDrive/mark4.2/data/train/dragging_451.wav,dragging
/content/drive/MyDrive/mark4.2/data/train/dragging_452.wav,dragging
/content/drive/MyDrive/mark4.2/data/train/dragging_453.wav,dragging
/content/drive/MyDrive/mark4.2/data/train/dragging_454.wav,dragging
/content/drive/MyDrive/mark4.2/data/train/dragging_455.wav,dragging
/content/drive/MyDrive/mark4.2/data/train/dragging_456.wav,dragging
/content/drive/MyDrive/mark4.2/data/train/dragging_457.wav,dragging
/content/drive/MyDrive/mark4.2/data/train/dragging_458.wav,dragging
/content/drive/MyDrive/mark4.2/data/train/dragging_459.wav,dragging
/content/drive/MyDrive/mark4.2/data/train/dragging_46.wav,dragging
/content/drive/MyDrive/mark4.2/data/train/dragging_460.wav,dragging
/content/drive/MyDrive/mark4.2/data/train/dragging_461.wav,dragging
/content/drive/MyDrive/mark4.2/data/train/dragging_462.wav,dragging
/content/drive/MyDrive/mark4.2/data/train/dragging_463.wav,dragging
/content/drive/MyDrive/mark4.2/data/train/dragging_464.wav,dragging
/content/drive/MyDrive/mark4.2/data/train/dragging_465.wav,dragging
/content/drive/MyDrive/mark4.2/data/train/dragging_466.wav,dragging
/content/drive/MyDrive/mark4.2/data/train/dragging_467.wav,dragging
/content/drive/MyDrive/mark4.2/data/train/dragging_468.wav,dragging
/content/drive/MyDrive/mark4.2/data/train/dragging_469.wav,dragging
/content/drive/MyDrive/mark4.2/data/train/dragging_47.wav,dragging
/content/drive/MyDrive/mark4.2/data/train/dragging_470.wav,dragging
/content/drive/MyDrive/mark4.2/data/train/dragging_471.wav,dragging
/content/drive/MyDrive/mark4.2/data/train/dragging_472.wav,dragging
/content/drive/MyDrive/mark4.2/data/train/dragging_473.wav,dragging
/content/drive/MyDrive/mark4.2/data/train/dragging_474.wav,dragging
/content/drive/MyDrive/mark4.2/data/train/dragging_475.wav,dragging
/content/drive/MyDrive/mark4.2/data/train/dragging_476.wav,dragging
/content/drive/MyDrive/mark4.2/data/train/dragging_477.wav,dragging
/content/drive/MyDrive/mark4.2/data/train/dragging_478.wav,dragging
/content/drive/MyDrive/mark4.2/data/train/dragging_479.wav,dragging
/content/drive/MyDrive/mark4.2/data/train/dragging_48.wav,dragging
/content/drive/MyDrive/mark4.2/data/train/dragging_480.wav,dragging
/content/drive/MyDrive/mark4.2/data/train/dragging_481.wav,dragging
/content/drive/MyDrive/mark4.2/data/train/dragging_482.wav,dragging
/content/drive/MyDrive/mark4.2/data/train/dragging_483.wav,dragging
/content/drive/MyDrive/mark4.2/data/train/dragging_484.wav,dragging
/content/drive/MyDrive/mark4.2/data/train/dragging_485.wav,dragging
/content/drive/MyDrive/mark4.2/data/train/dragging_486.wav,dragging
/content/drive/MyDrive/mark4.2/data/train/dragging_487.wav,dragging
/content/drive/MyDrive/mark4.2/data/train/dragging_488.wav,dragging
/content/drive/MyDrive/mark4.2/data/train/dragging_489.wav,dragging
/content/drive/MyDrive/mark4.2/data/train/dragging_49.wav,dragging
/content/drive/MyDrive/mark4.2/data/train/dragging_490.wav,dragging
/content/drive/MyDrive/mark4.2/data/train/dragging_491.wav,dragging
/content/drive/MyDrive/mark4.2/data/train/dragging_492.wav,dragging
/content/drive/MyDrive/mark4.2/data/train/dragging_493.wav,dragging
/content/drive/MyDrive/mark4.2/data/train/dragging_494.wav,dragging
/content/drive/MyDrive/mark4.2/data/train/dragging_495.wav,dragging
/content/drive/MyDrive/mark4.2/data/train/dragging_496.wav,dragging
/content/drive/MyDrive/mark4.2/data/train/dragging_497.wav,dragging
/content/drive/MyDrive/mark4.2/data/train/dragging_498.wav,dragging
/content/drive/MyDrive/mark4.2/data/train/dragging_499.wav,dragging
/content/drive/MyDrive/mark4.2/data/train/dragging_5.wav,dragging
/content/drive/MyDrive/mark4.2/data/train/dragging_50.wav,dragging
/content/drive/MyDrive/mark4.2/data/train/dragging_500.wav,dragging
/content/drive/MyDrive/mark4.2/data/train/dragging_51.wav,dragging
/content/drive/MyDrive/mark4.2/data/train/dragging_52.wav,dragging
/content/drive/MyDrive/mark4.2/data/train/dragging_53.wav,dragging
/content/drive/MyDrive/mark4.2/data/train/dragging_54.wav,dragging
/content/drive/MyDrive/mark4.2/data/train/dragging_55.wav,dragging
/content/drive/MyDrive/mark4.2/data/train/dragging_56.wav,dragging
/content/drive/MyDrive/mark4.2/data/train/dragging_57.wav,dragging
/content/drive/MyDrive/mark4.2/data/train/dragging_58.wav,dragging
/content/drive/MyDrive/mark4.2/data/train/dragging_59.wav,dragging
/content/drive/MyDrive/mark4.2/data/train/dragging_6.wav,dragging
/content/drive/MyDrive/mark4.2/data/train/dragging_60.wav,dragging
/content/drive/MyDrive/mark4.2/data/train/dragging_61.wav,dragging
/content/drive/MyDrive/mark4.2/data/train/dragging_62.wav,dragging
/content/drive/MyDrive/mark4.2/data/train/dragging_63.wav,dragging
/content/drive/MyDrive/mark4.2/data/train/dragging_64.wav,dragging
/content/drive/MyDrive/mark4.2/data/train/dragging_65.wav,dragging
/content/drive/MyDrive/mark4.2/data/train/dragging_66.wav,dragging
/content/drive/MyDrive/mark4.2/data/train/dragging_67.wav,dragging
/content/drive/MyDrive/mark4.2/data/train/dragging_68.wav,dragging
/content/drive/MyDrive/mark4.2/data/train/dragging_69.wav,dragging
/content/drive/MyDrive/mark4.2/data/train/dragging_7.wav,dragging
/content/drive/MyDrive/mark4.2/data/train/dragging_70.wav,dragging
/content/drive/MyDrive/mark4.2/data/train/dragging_71.wav,dragging
/content/drive/MyDrive/mark4.2/data/train/dragging_72.wav,dragging
/content/drive/MyDrive/mark4.2/data/train/dragging_73.wav,dragging
/content/drive/MyDrive/mark4.2/data/train/dragging_74.wav,dragging
/content/drive/MyDrive/mark4.2/data/train/dragging_75.wav,dragging
/content/drive/MyDrive/mark4.2/data/train/dragging_76.wav,dragging
/content/drive/MyDrive/mark4.2/data/train/dragging_77.wav,dragging
/content/drive/MyDrive/mark4.2/data/train/dragging_78.wav,dragging
/content/drive/MyDrive/mark4.2/data/train/dragging_79.wav,dragging
/content/drive/MyDrive/mark4.2/data/train/dragging_8.wav,dragging
/content/drive/MyDrive/mark4.2/data/train/dragging_80.wav,dragging
/content/drive/MyDrive/mark4.2/data/train/dragging_81.wav,dragging
/content/drive/MyDrive/mark4.2/data/train/dragging_82.wav,dragging
/content/drive/MyDrive/mark4.2/data/train/dragging_83.wav,dragging
/content/drive/MyDrive/mark4.2/data/train/dragging_84.wav,dragging
/content/drive/MyDrive/mark4.2/data/train/dragging_85.wav,dragging
/content/drive/MyDrive/mark4.2/data/train/dragging_86.wav,dragging
/content/drive/MyDrive/mark4.2/data/train/dragging_87.wav,dragging
/content/drive/MyDrive/mark4.2/data/train/dragging_88.wav,dragging
/content/drive/MyDrive/mark4.2/data/train/dragging_89.wav,dragging
/content/drive/MyDrive/mark4.2/data/train/dragging_9.wav,dragging
/content/drive/MyDrive/mark4.2/data/train/dragging_90.wav,dragging
/content/drive/MyDrive/mark4.2/data/train/dragging_91.wav,dragging
/content/drive/MyDrive/mark4.2/data/train/dragging_92.wav,dragging
/content/drive/MyDrive/mark4.2/data/train/dragging_93.wav,dragging
/content/drive/MyDrive/mark4.2/data/train/dragging_94.wav,dragging
/content/drive/MyDrive/mark4.2/data/train/dragging_95.wav,dragging
/content/drive/MyDrive/mark4.2/data/train/dragging_96.wav,dragging
/content/drive/MyDrive/mark4.2/data/train/dragging_97.wav,dragging
/content/drive/MyDrive/mark4.2/data/train/dragging_98.wav,dragging
/content/drive/MyDrive/mark4.2/data/train/dragging_99.wav,dragging
/content/drive/MyDrive/mark4.2/data/train/others_1.wav,others
/content/drive/MyDrive/mark4.2/data/train/others_10.wav,others
/content/drive/MyDrive/mark4.2/data/train/others_100.wav,others
/content/drive/MyDrive/mark4.2/data/train/others_101.wav,others
/content/drive/MyDrive/mark4.2/data/train/others_102.wav,others
/content/drive/MyDrive/mark4.2/data/train/others_103.wav,others
/content/drive/MyDrive/mark4.2/data/train/others_104.wav,others
/content/drive/MyDrive/mark4.2/data/train/others_105.wav,others
/content/drive/MyDrive/mark4.2/data/train/others_106.wav,others
/content/drive/MyDrive/mark4.2/data/train/others_107.wav,others
/content/drive/MyDrive/mark4.2/data/train/others_108.wav,others
/content/drive/MyDrive/mark4.2/data/train/others_109.wav,others
/content/drive/MyDrive/mark4.2/data/train/others_11.wav,others
/content/drive/MyDrive/mark4.2/data/train/others_110.wav,others
/content/drive/MyDrive/mark4.2/data/train/others_111.wav,others
/content/drive/MyDrive/mark4.2/data/train/others_112.wav,others
/content/drive/MyDrive/mark4.2/data/train/others_113.wav,others
/content/drive/MyDrive/mark4.2/data/train/others_114.wav,others
/content/drive/MyDrive/mark4.2/data/train/others_115.wav,others
/content/drive/MyDrive/mark4.2/data/train/others_116.wav,others
/content/drive/MyDrive/mark4.2/data/train/others_117.wav,others
/content/drive/MyDrive/mark4.2/data/train/others_118.wav,others
/content/drive/MyDrive/mark4.2/data/train/others_119.wav,others
/content/drive/MyDrive/mark4.2/data/train/others_12.wav,others
/content/drive/MyDrive/mark4.2/data/train/others_120.wav,others
/content/drive/MyDrive/mark4.2/data/train/others_121.wav,others
/content/drive/MyDrive/mark4.2/data/train/others_122.wav,others
/content/drive/MyDrive/mark4.2/data/train/others_123.wav,others
/content/drive/MyDrive/mark4.2/data/train/others_124.wav,others
/content/drive/MyDrive/mark4.2/data/train/others_125.wav,others
/content/drive/MyDrive/mark4.2/data/train/others_126.wav,others
/content/drive/MyDrive/mark4.2/data/train/others_127.wav,others
/content/drive/MyDrive/mark4.2/data/train/others_128.wav,others
/content/drive/MyDrive/mark4.2/data/train/others_129.wav,others
/content/drive/MyDrive/mark4.2/data/train/others_13.wav,others
/content/drive/MyDrive/mark4.2/data/train/others_130.wav,others
/content/drive/MyDrive/mark4.2/data/train/others_131.wav,others
/content/drive/MyDrive/mark4.2/data/train/others_132.wav,others
/content/drive/MyDrive/mark4.2/data/train/others_133.wav,others
/content/drive/MyDrive/mark4.2/data/train/others_134.wav,others
/content/drive/MyDrive/mark4.2/data/train/others_135.wav,others
/content/drive/MyDrive/mark4.2/data/train/others_136.wav,others
/content/drive/MyDrive/mark4.2/data/train/others_137.wav,others
/content/drive/MyDrive/mark4.2/data/train/others_138.wav,others
/content/drive/MyDrive/mark4.2/data/train/others_139.wav,others
/content/drive/MyDrive/mark4.2/data/train/others_14.wav,others
/content/drive/MyDrive/mark4.2/data/train/others_140.wav,others
/content/drive/MyDrive/mark4.2/data/train/others_141.wav,others
/content/drive/MyDrive/mark4.2/data/train/others_142.wav,others
/content/drive/MyDrive/mark4.2/data/train/others_143.wav,others
/content/drive/MyDrive/mark4.2/data/train/others_144.wav,others
/content/drive/MyDrive/mark4.2/data/train/others_145.wav,others
/content/drive/MyDrive/mark4.2/data/train/others_146.wav,others
/content/drive/MyDrive/mark4.2/data/train/others_147.wav,others
/content/drive/MyDrive/mark4.2/data/train/others_148.wav,others
/content/drive/MyDrive/mark4.2/data/train/others_149.wav,others
/content/drive/MyDrive/mark4.2/data/train/others_15.wav,others
/content/drive/MyDrive/mark4.2/data/train/others_150.wav,others
/content/drive/MyDrive/mark4.2/data/train/others_151.wav,others
/content/drive/MyDrive/mark4.2/data/train/others_152.wav,others
/content/drive/MyDrive/mark4.2/data/train/others_153.wav,others
/content/drive/MyDrive/mark4.2/data/train/others_154.wav,others
/content/drive/MyDrive/mark4.2/data/train/others_155.wav,others
/content/drive/MyDrive/mark4.2/data/train/others_156.wav,others
/content/drive/MyDrive/mark4.2/data/train/others_157.wav,others
/content/drive/MyDrive/mark4.2/data/train/others_158.wav,others
/content/drive/MyDrive/mark4.2/data/train/others_159.wav,others
/content/drive/MyDrive/mark4.2/data/train/others_16.wav,others
/content/drive/MyDrive/mark4.2/data/train/others_160.wav,others
/content/drive/MyDrive/mark4.2/data/train/others_161.wav,others
/content/drive/MyDrive/mark4.2/data/train/others_162.wav,others
/content/drive/MyDrive/mark4.2/data/train/others_163.wav,others
/content/drive/MyDrive/mark4.2/data/train/others_164.wav,others
/content/drive/MyDrive/mark4.2/data/train/others_165.wav,others
/content/drive/MyDrive/mark4.2/data/train/others_166.wav,others
/content/drive/MyDrive/mark4.2/data/train/others_167.wav,others
/content/drive/MyDrive/mark4.2/data/train/others_168.wav,others
/content/drive/MyDrive/mark4.2/data/train/others_169.wav,others
/content/drive/MyDrive/mark4.2/data/train/others_17.wav,others
/content/drive/MyDrive/mark4.2/data/train/others_170.wav,others
/content/drive/MyDrive/mark4.2/data/train/others_171.wav,others
/content/drive/MyDrive/mark4.2/data/train/others_172.wav,others
/content/drive/MyDrive/mark4.2/data/train/others_173.wav,others
/content/drive/MyDrive/mark4.2/data/train/others_174.wav,others
/content/drive/MyDrive/mark4.2/data/train/others_175.wav,others
/content/drive/MyDrive/mark4.2/data/train/others_176.wav,others
/content/drive/MyDrive/mark4.2/data/train/others_177.wav,others
/content/drive/MyDrive/mark4.2/data/train/others_178.wav,others
/content/drive/MyDrive/mark4.2/data/train/others_179.wav,others
/content/drive/MyDrive/mark4.2/data/train/others_18.wav,others
/content/drive/MyDrive/mark4.2/data/train/others_180.wav,others
/content/drive/MyDrive/mark4.2/data/train/others_181.wav,others
/content/drive/MyDrive/mark4.2/data/train/others_182.wav,others
/content/drive/MyDrive/mark4.2/data/train/others_183.wav,others
/content/drive/MyDrive/mark4.2/data/train/others_184.wav,others
/content/drive/MyDrive/mark4.2/data/train/others_185.wav,others
/content/drive/MyDrive/mark4.2/data/train/others_186.wav,others
/content/drive/MyDrive/mark4.2/data/train/others_187.wav,others
/content/drive/MyDrive/mark4.2/data/train/others_188.wav,others
/content/drive/MyDrive/mark4.2/data/train/others_189.wav,others
/content/drive/MyDrive/mark4.2/data/train/others_19.wav,others
/content/drive/MyDrive/mark4.2/data/train/others_190.wav,others
/content/drive/MyDrive/mark4.2/data/train/others_191.wav,others
/content/drive/MyDrive/mark4.2/data/train/others_192.wav,others
/content/drive/MyDrive/mark4.2/data/train/others_193.wav,others
/content/drive/MyDrive/mark4.2/data/train/others_194.wav,others
/content/drive/MyDrive/mark4.2/data/train/others_195.wav,others
/content/drive/MyDrive/mark4.2/data/train/others_196.wav,others
/content/drive/MyDrive/mark4.2/data/train/others_197.wav,others
/content/drive/MyDrive/mark4.2/data/train/others_198.wav,others
/content/drive/MyDrive/mark4.2/data/train/others_199.wav,others
/content/drive/MyDrive/mark4.2/data/train/others_2.wav,others
/content/drive/MyDrive/mark4.2/data/train/others_20.wav,others
/content/drive/MyDrive/mark4.2/data/train/others_200.wav,others
/content/drive/MyDrive/mark4.2/data/train/others_201.wav,others
/content/drive/MyDrive/mark4.2/data/train/others_202.wav,others
/content/drive/MyDrive/mark4.2/data/train/others_203.wav,others
/content/drive/MyDrive/mark4.2/data/train/others_204.wav,others
/content/drive/MyDrive/mark4.2/data/train/others_205.wav,others
/content/drive/MyDrive/mark4.2/data/train/others_206.wav,others
/content/drive/MyDrive/mark4.2/data/train/others_207.wav,others
/content/drive/MyDrive/mark4.2/data/train/others_208.wav,others
/content/drive/MyDrive/mark4.2/data/train/others_209.wav,others
/content/drive/MyDrive/mark4.2/data/train/others_21.wav,others
/content/drive/MyDrive/mark4.2/data/train/others_210.wav,others
/content/drive/MyDrive/mark4.2/data/train/others_211.wav,others
/content/drive/MyDrive/mark4.2/data/train/others_212.wav,others
/content/drive/MyDrive/mark4.2/data/train/others_213.wav,others
/content/drive/MyDrive/mark4.2/data/train/others_214.wav,others
/content/drive/MyDrive/mark4.2/data/train/others_215.wav,others
/content/drive/MyDrive/mark4.2/data/train/others_216.wav,others
/content/drive/MyDrive/mark4.2/data/train/others_217.wav,others
/content/drive/MyDrive/mark4.2/data/train/others_218.wav,others
/content/drive/MyDrive/mark4.2/data/train/others_219.wav,others
/content/drive/MyDrive/mark4.2/data/train/others_22.wav,others
/content/drive/MyDrive/mark4.2/data/train/others_220.wav,others
/content/drive/MyDrive/mark4.2/data/train/others_221.wav,others
/content/drive/MyDrive/mark4.2/data/train/others_222.wav,others
/content/drive/MyDrive/mark4.2/data/train/others_223.wav,others
/content/drive/MyDrive/mark4.2/data/train/others_224.wav,others
/content/drive/MyDrive/mark4.2/data/train/others_225.wav,others
/content/drive/MyDrive/mark4.2/data/train/others_226.wav,others
/content/drive/MyDrive/mark4.2/data/train/others_227.wav,others
/content/drive/MyDrive/mark4.2/data/train/others_228.wav,others
/content/drive/MyDrive/mark4.2/data/train/others_229.wav,others
/content/drive/MyDrive/mark4.2/data/train/others_23.wav,others
/content/drive/MyDrive/mark4.2/data/train/others_230.wav,others
/content/drive/MyDrive/mark4.2/data/train/others_231.wav,others
/content/drive/MyDrive/mark4.2/data/train/others_232.wav,others
/content/drive/MyDrive/mark4.2/data/train/others_233.wav,others
/content/drive/MyDrive/mark4.2/data/train/others_234.wav,others
/content/drive/MyDrive/mark4.2/data/train/others_235.wav,others
/content/drive/MyDrive/mark4.2/data/train/others_236.wav,others
/content/drive/MyDrive/mark4.2/data/train/others_237.wav,others
/content/drive/MyDrive/mark4.2/data/train/others_238.wav,others
/content/drive/MyDrive/mark4.2/data/train/others_239.wav,others
/content/drive/MyDrive/mark4.2/data/train/others_24.wav,others
/content/drive/MyDrive/mark4.2/data/train/others_240.wav,others
/content/drive/MyDrive/mark4.2/data/train/others_241.wav,others
/content/drive/MyDrive/mark4.2/data/train/others_242.wav,others
/content/drive/MyDrive/mark4.2/data/train/others_243.wav,others
/content/drive/MyDrive/mark4.2/data/train/others_244.wav,others
/content/drive/MyDrive/mark4.2/data/train/others_245.wav,others
/content/drive/MyDrive/mark4.2/data/train/others_246.wav,others
/content/drive/MyDrive/mark4.2/data/train/others_247.wav,others
/content/drive/MyDrive/mark4.2/data/train/others_248.wav,others
/content/drive/MyDrive/mark4.2/data/train/others_249.wav,others
/content/drive/MyDrive/mark4.2/data/train/others_25.wav,others
/content/drive/MyDrive/mark4.2/data/train/others_250.wav,others
/content/drive/MyDrive/mark4.2/data/train/others_251.wav,others
/content/drive/MyDrive/mark4.2/data/train/others_252.wav,others
/content/drive/MyDrive/mark4.2/data/train/others_253.wav,others
/content/drive/MyDrive/mark4.2/data/train/others_254.wav,others
/content/drive/MyDrive/mark4.2/data/train/others_255.wav,others
/content/drive/MyDrive/mark4.2/data/train/others_256.wav,others
/content/drive/MyDrive/mark4.2/data/train/others_257.wav,others
/content/drive/MyDrive/mark4.2/data/train/others_258.wav,others
/content/drive/MyDrive/mark4.2/data/train/others_259.wav,others
/content/drive/MyDrive/mark4.2/data/train/others_26.wav,others
/content/drive/MyDrive/mark4.2/data/train/others_260.wav,others
/content/drive/MyDrive/mark4.2/data/train/others_261.wav,others
/content/drive/MyDrive/mark4.2/data/train/others_262.wav,others
/content/drive/MyDrive/mark4.2/data/train/others_263.wav,others
/content/drive/MyDrive/mark4.2/data/train/others_264.wav,others
/content/drive/MyDrive/mark4.2/data/train/others_265.wav,others
/content/drive/MyDrive/mark4.2/data/train/others_266.wav,others
/content/drive/MyDrive/mark4.2/data/train/others_267.wav,others
/content/drive/MyDrive/mark4.2/data/train/others_268.wav,others
/content/drive/MyDrive/mark4.2/data/train/others_269.wav,others
/content/drive/MyDrive/mark4.2/data/train/others_27.wav,others
/content/drive/MyDrive/mark4.2/data/train/others_270.wav,others
/content/drive/MyDrive/mark4.2/data/train/others_271.wav,others
/content/drive/MyDrive/mark4.2/data/train/others_272.wav,others
/content/drive/MyDrive/mark4.2/data/train/others_273.wav,others
/content/drive/MyDrive/mark4.2/data/train/others_274.wav,others
/content/drive/MyDrive/mark4.2/data/train/others_275.wav,others
/content/drive/MyDrive/mark4.2/data/train/others_276.wav,others
/content/drive/MyDrive/mark4.2/data/train/others_277.wav,others
/content/drive/MyDrive/mark4.2/data/train/others_278.wav,others
/content/drive/MyDrive/mark4.2/data/train/others_279.wav,others
/content/drive/MyDrive/mark4.2/data/train/others_28.wav,others
/content/drive/MyDrive/mark4.2/data/train/others_280.wav,others
/content/drive/MyDrive/mark4.2/data/train/others_281.wav,others
/content/drive/MyDrive/mark4.2/data/train/others_282.wav,others
/content/drive/MyDrive/mark4.2/data/train/others_283.wav,others
/content/drive/MyDrive/mark4.2/data/train/others_284.wav,others
/content/drive/MyDrive/mark4.2/data/train/others_285.wav,others
/content/drive/MyDrive/mark4.2/data/train/others_286.wav,others
/content/drive/MyDrive/mark4.2/data/train/others_287.wav,others
/content/drive/MyDrive/mark4.2/data/train/others_288.wav,others
/content/drive/MyDrive/mark4.2/data/train/others_289.wav,others
/content/drive/MyDrive/mark4.2/data/train/others_29.wav,others
/content/drive/MyDrive/mark4.2/data/train/others_290.wav,others
/content/drive/MyDrive/mark4.2/data/train/others_291.wav,others
/content/drive/MyDrive/mark4.2/data/train/others_292.wav,others
/content/drive/MyDrive/mark4.2/data/train/others_293.wav,others
/content/drive/MyDrive/mark4.2/data/train/others_294.wav,others
/content/drive/MyDrive/mark4.2/data/train/others_295.wav,others
/content/drive/MyDrive/mark4.2/data/train/others_296.wav,others
/content/drive/MyDrive/mark4.2/data/train/others_297.wav,others
/content/drive/MyDrive/mark4.2/data/train/others_298.wav,others
/content/drive/MyDrive/mark4.2/data/train/others_299.wav,others
/content/drive/MyDrive/mark4.2/data/train/others_3.wav,others
/content/drive/MyDrive/mark4.2/data/train/others_30.wav,others
/content/drive/MyDrive/mark4.2/data/train/others_300.wav,others
/content/drive/MyDrive/mark4.2/data/train/others_301.wav,others
/content/drive/MyDrive/mark4.2/data/train/others_302.wav,others
/content/drive/MyDrive/mark4.2/data/train/others_303.wav,others
/content/drive/MyDrive/mark4.2/data/train/others_304.wav,others
/content/drive/MyDrive/mark4.2/data/train/others_305.wav,others
/content/drive/MyDrive/mark4.2/data/train/others_306.wav,others
/content/drive/MyDrive/mark4.2/data/train/others_307.wav,others
/content/drive/MyDrive/mark4.2/data/train/others_308.wav,others
/content/drive/MyDrive/mark4.2/data/train/others_309.wav,others
/content/drive/MyDrive/mark4.2/data/train/others_31.wav,others
/content/drive/MyDrive/mark4.2/data/train/others_310.wav,others
/content/drive/MyDrive/mark4.2/data/train/others_311.wav,others
/content/drive/MyDrive/mark4.2/data/train/others_312.wav,others
/content/drive/MyDrive/mark4.2/data/train/others_313.wav,others
/content/drive/MyDrive/mark4.2/data/train/others_314.wav,others
/content/drive/MyDrive/mark4.2/data/train/others_315.wav,others
/content/drive/MyDrive/mark4.2/data/train/others_316.wav,others
/content/drive/MyDrive/mark4.2/data/train/others_317.wav,others
/content/drive/MyDrive/mark4.2/data/train/others_318.wav,others
/content/drive/MyDrive/mark4.2/data/train/others_319.wav,others
/content/drive/MyDrive/mark4.2/data/train/others_32.wav,others
/content/drive/MyDrive/mark4.2/data/train/others_320.wav,others
/content/drive/MyDrive/mark4.2/data/train/others_321.wav,others
/content/drive/MyDrive/mark4.2/data/train/others_322.wav,others
/content/drive/MyDrive/mark4.2/data/train/others_323.wav,others
/content/drive/MyDrive/mark4.2/data/train/others_324.wav,others
/content/drive/MyDrive/mark4.2/data/train/others_325.wav,others
/content/drive/MyDrive/mark4.2/data/train/others_326.wav,others
/content/drive/MyDrive/mark4.2/data/train/others_327.wav,others
/content/drive/MyDrive/mark4.2/data/train/others_328.wav,others
/content/drive/MyDrive/mark4.2/data/train/others_329.wav,others
/content/drive/MyDrive/mark4.2/data/train/others_33.wav,others
/content/drive/MyDrive/mark4.2/data/train/others_330.wav,others
/content/drive/MyDrive/mark4.2/data/train/others_331.wav,others
/content/drive/MyDrive/mark4.2/data/train/others_332.wav,others
/content/drive/MyDrive/mark4.2/data/train/others_333.wav,others
/content/drive/MyDrive/mark4.2/data/train/others_334.wav,others
/content/drive/MyDrive/mark4.2/data/train/others_335.wav,others
/content/drive/MyDrive/mark4.2/data/train/others_336.wav,others
/content/drive/MyDrive/mark4.2/data/train/others_337.wav,others
/content/drive/MyDrive/mark4.2/data/train/others_338.wav,others
/content/drive/MyDrive/mark4.2/data/train/others_339.wav,others
/content/drive/MyDrive/mark4.2/data/train/others_34.wav,others
/content/drive/MyDrive/mark4.2/data/train/others_340.wav,others
/content/drive/MyDrive/mark4.2/data/train/others_341.wav,others
/content/drive/MyDrive/mark4.2/data/train/others_342.wav,others
/content/drive/MyDrive/mark4.2/data/train/others_343.wav,others
/content/drive/MyDrive/mark4.2/data/train/others_344.wav,others
/content/drive/MyDrive/mark4.2/data/train/others_345.wav,others
/content/drive/MyDrive/mark4.2/data/train/others_346.wav,others
/content/drive/MyDrive/mark4.2/data/train/others_347.wav,others
/content/drive/MyDrive/mark4.2/data/train/others_348.wav,others
/content/drive/MyDrive/mark4.2/data/train/others_349.wav,others
/content/drive/MyDrive/mark4.2/data/train/others_35.wav,others
/content/drive/MyDrive/mark4.2/data/train/others_350.wav,others
/content/drive/MyDrive/mark4.2/data/train/others_351.wav,others
/content/drive/MyDrive/mark4.2/data/train/others_352.wav,others
/content/drive/MyDrive/mark4.2/data/train/others_353.wav,others
/content/drive/MyDrive/mark4.2/data/train/others_354.wav,others
/content/drive/MyDrive/mark4.2/data/train/others_355.wav,others
/content/drive/MyDrive/mark4.2/data/train/others_356.wav,others
/content/drive/MyDrive/mark4.2/data/train/others_357.wav,others
/content/drive/MyDrive/mark4.2/data/train/others_358.wav,others
/content/drive/MyDrive/mark4.2/data/train/others_359.wav,others
/content/drive/MyDrive/mark4.2/data/train/others_36.wav,others
/content/drive/MyDrive/mark4.2/data/train/others_360.wav,others
/content/drive/MyDrive/mark4.2/data/train/others_361.wav,others
/content/drive/MyDrive/mark4.2/data/train/others_362.wav,others
/content/drive/MyDrive/mark4.2/data/train/others_363.wav,others
/content/drive/MyDrive/mark4.2/data/train/others_364.wav,others
/content/drive/MyDrive/mark4.2/data/train/others_365.wav,others
/content/drive/MyDrive/mark4.2/data/train/others_366.wav,others
/content/drive/MyDrive/mark4.2/data/train/others_367.wav,others
/content/drive/MyDrive/mark4.2/data/train/others_368.wav,others
/content/drive/MyDrive/mark4.2/data/train/others_369.wav,others
/content/drive/MyDrive/mark4.2/data/train/others_37.wav,others
/content/drive/MyDrive/mark4.2/data/train/others_370.wav,others
/content/drive/MyDrive/mark4.2/data/train/others_371.wav,others
/content/drive/MyDrive/mark4.2/data/train/others_372.wav,others
/content/drive/MyDrive/mark4.2/data/train/others_373.wav,others
/content/drive/MyDrive/mark4.2/data/train/others_374.wav,others
/content/drive/MyDrive/mark4.2/data/train/others_375.wav,others
/content/drive/MyDrive/mark4.2/data/train/others_376.wav,others
/content/drive/MyDrive/mark4.2/data/train/others_377.wav,others
/content/drive/MyDrive/mark4.2/data/train/others_378.wav,others
/content/drive/MyDrive/mark4.2/data/train/others_379.wav,others
/content/drive/MyDrive/mark4.2/data/train/others_38.wav,others
/content/drive/MyDrive/mark4.2/data/train/others_380.wav,others
/content/drive/MyDrive/mark4.2/data/train/others_381.wav,others
/content/drive/MyDrive/mark4.2/data/train/others_382.wav,others
/content/drive/MyDrive/mark4.2/data/train/others_383.wav,others
/content/drive/MyDrive/mark4.2/data/train/others_384.wav,others
/content/drive/MyDrive/mark4.2/data/train/others_385.wav,others
/content/drive/MyDrive/mark4.2/data/train/others_386.wav,others
/content/drive/MyDrive/mark4.2/data/train/others_387.wav,others
/content/drive/MyDrive/mark4.2/data/train/others_388.wav,others
/content/drive/MyDrive/mark4.2/data/train/others_389.wav,others
/content/drive/MyDrive/mark4.2/data/train/others_39.wav,others
/content/drive/MyDrive/mark4.2/data/train/others_390.wav,others
/content/drive/MyDrive/mark4.2/data/train/others_391.wav,others
/content/drive/MyDrive/mark4.2/data/train/others_392.wav,others
/content/drive/MyDrive/mark4.2/data/train/others_393.wav,others
/content/drive/MyDrive/mark4.2/data/train/others_394.wav,others
/content/drive/MyDrive/mark4.2/data/train/others_395.wav,others
/content/drive/MyDrive/mark4.2/data/train/others_396.wav,others
/content/drive/MyDrive/mark4.2/data/train/others_397.wav,others
/content/drive/MyDrive/mark4.2/data/train/others_398.wav,others
/content/drive/MyDrive/mark4.2/data/train/others_399.wav,others
/content/drive/MyDrive/mark4.2/data/train/others_4.wav,others
/content/drive/MyDrive/mark4.2/data/train/others_40.wav,others
/content/drive/MyDrive/mark4.2/data/train/others_400.wav,others
/content/drive/MyDrive/mark4.2/data/train/others_401.wav,others
/content/drive/MyDrive/mark4.2/data/train/others_402.wav,others
/content/drive/MyDrive/mark4.2/data/train/others_403.wav,others
/content/drive/MyDrive/mark4.2/data/train/others_404.wav,others
/content/drive/MyDrive/mark4.2/data/train/others_405.wav,others
/content/drive/MyDrive/mark4.2/data/train/others_406.wav,others
/content/drive/MyDrive/mark4.2/data/train/others_407.wav,others
/content/drive/MyDrive/mark4.2/data/train/others_408.wav,others
/content/drive/MyDrive/mark4.2/data/train/others_409.wav,others
/content/drive/MyDrive/mark4.2/data/train/others_41.wav,others
/content/drive/MyDrive/mark4.2/data/train/others_410.wav,others
/content/drive/MyDrive/mark4.2/data/train/others_411.wav,others
/content/drive/MyDrive/mark4.2/data/train/others_412.wav,others
/content/drive/MyDrive/mark4.2/data/train/others_413.wav,others
/content/drive/MyDrive/mark4.2/data/train/others_414.wav,others
/content/drive/MyDrive/mark4.2/data/train/others_415.wav,others
/content/drive/MyDrive/mark4.2/data/train/others_416.wav,others
/content/drive/MyDrive/mark4.2/data/train/others_417.wav,others
/content/drive/MyDrive/mark4.2/data/train/others_418.wav,others
/content/drive/MyDrive/mark4.2/data/train/others_419.wav,others
/content/drive/MyDrive/mark4.2/data/train/others_42.wav,others
/content/drive/MyDrive/mark4.2/data/train/others_420.wav,others
/content/drive/MyDrive/mark4.2/data/train/others_421.wav,others
/content/drive/MyDrive/mark4.2/data/train/others_422.wav,others
/content/drive/MyDrive/mark4.2/data/train/others_423.wav,others
/content/drive/MyDrive/mark4.2/data/train/others_424.wav,others
/content/drive/MyDrive/mark4.2/data/train/others_425.wav,others
/content/drive/MyDrive/mark4.2/data/train/others_426.wav,others
/content/drive/MyDrive/mark4.2/data/train/others_427.wav,others
/content/drive/MyDrive/mark4.2/data/train/others_428.wav,others
/content/drive/MyDrive/mark4.2/data/train/others_429.wav,others
/content/drive/MyDrive/mark4.2/data/train/others_43.wav,others
/content/drive/MyDrive/mark4.2/data/train/others_430.wav,others
/content/drive/MyDrive/mark4.2/data/train/others_431.wav,others
/content/drive/MyDrive/mark4.2/data/train/others_432.wav,others
/content/drive/MyDrive/mark4.2/data/train/others_433.wav,others
/content/drive/MyDrive/mark4.2/data/train/others_434.wav,others
/content/drive/MyDrive/mark4.2/data/train/others_435.wav,others
/content/drive/MyDrive/mark4.2/data/train/others_436.wav,others
/content/drive/MyDrive/mark4.2/data/train/others_437.wav,others
/content/drive/MyDrive/mark4.2/data/train/others_438.wav,others
/content/drive/MyDrive/mark4.2/data/train/others_439.wav,others
/content/drive/MyDrive/mark4.2/data/train/others_44.wav,others
/content/drive/MyDrive/mark4.2/data/train/others_440.wav,others
/content/drive/MyDrive/mark4.2/data/train/others_441.wav,others
/content/drive/MyDrive/mark4.2/data/train/others_442.wav,others
/content/drive/MyDrive/mark4.2/data/train/others_443.wav,others
/content/drive/MyDrive/mark4.2/data/train/others_444.wav,others
/content/drive/MyDrive/mark4.2/data/train/others_445.wav,others
/content/drive/MyDrive/mark4.2/data/train/others_446.wav,others
/content/drive/MyDrive/mark4.2/data/train/others_447.wav,others
/content/drive/MyDrive/mark4.2/data/train/others_448.wav,others
/content/drive/MyDrive/mark4.2/data/train/others_449.wav,others
/content/drive/MyDrive/mark4.2/data/train/others_45.wav,others
/content/drive/MyDrive/mark4.2/data/train/others_450.wav,others
/content/drive/MyDrive/mark4.2/data/train/others_451.wav,others
/content/drive/MyDrive/mark4.2/data/train/others_452.wav,others
/content/drive/MyDrive/mark4.2/data/train/others_453.wav,others
/content/drive/MyDrive/mark4.2/data/train/others_454.wav,others
/content/drive/MyDrive/mark4.2/data/train/others_455.wav,others
/content/drive/MyDrive/mark4.2/data/train/others_456.wav,others
/content/drive/MyDrive/mark4.2/data/train/others_457.wav,others
/content/drive/MyDrive/mark4.2/data/train/others_458.wav,others
/content/drive/MyDrive/mark4.2/data/train/others_459.wav,others
/content/drive/MyDrive/mark4.2/data/train/others_46.wav,others
/content/drive/MyDrive/mark4.2/data/train/others_460.wav,others
/content/drive/MyDrive/mark4.2/data/train/others_461.wav,others
/content/drive/MyDrive/mark4.2/data/train/others_462.wav,others
/content/drive/MyDrive/mark4.2/data/train/others_463.wav,others
/content/drive/MyDrive/mark4.2/data/train/others_464.wav,others
/content/drive/MyDrive/mark4.2/data/train/others_465.wav,others
/content/drive/MyDrive/mark4.2/data/train/others_466.wav,others
/content/drive/MyDrive/mark4.2/data/train/others_467.wav,others
/content/drive/MyDrive/mark4.2/data/train/others_468.wav,others
/content/drive/MyDrive/mark4.2/data/train/others_469.wav,others
/content/drive/MyDrive/mark4.2/data/train/others_47.wav,others
/content/drive/MyDrive/mark4.2/data/train/others_470.wav,others
/content/drive/MyDrive/mark4.2/data/train/others_471.wav,others
/content/drive/MyDrive/mark4.2/data/train/others_472.wav,others
/content/drive/MyDrive/mark4.2/data/train/others_473.wav,others
/content/drive/MyDrive/mark4.2/data/train/others_474.wav,others
/content/drive/MyDrive/mark4.2/data/train/others_475.wav,others
/content/drive/MyDrive/mark4.2/data/train/others_476.wav,others
/content/drive/MyDrive/mark4.2/data/train/others_477.wav,others
/content/drive/MyDrive/mark4.2/data/train/others_478.wav,others
/content/drive/MyDrive/mark4.2/data/train/others_479.wav,others
/content/drive/MyDrive/mark4.2/data/train/others_48.wav,others
/content/drive/MyDrive/mark4.2/data/train/others_480.wav,others
/content/drive/MyDrive/mark4.2/data/train/others_481.wav,others
/content/drive/MyDrive/mark4.2/data/train/others_482.wav,others
/content/drive/MyDrive/mark4.2/data/train/others_483.wav,others
/content/drive/MyDrive/mark4.2/data/train/others_484.wav,others
/content/drive/MyDrive/mark4.2/data/train/others_485.wav,others
/content/drive/MyDrive/mark4.2/data/train/others_486.wav,others
/content/drive/MyDrive/mark4.2/data/train/others_487.wav,others
/content/drive/MyDrive/mark4.2/data/train/others_488.wav,others
/content/drive/MyDrive/mark4.2/data/train/others_489.wav,others
/content/drive/MyDrive/mark4.2/data/train/others_49.wav,others
/content/drive/MyDrive/mark4.2/data/train/others_490.wav,others
/content/drive/MyDrive/mark4.2/data/train/others_491.wav,others
/content/drive/MyDrive/mark4.2/data/train/others_492.wav,others
/content/drive/MyDrive/mark4.2/data/train/others_493.wav,others
/content/drive/MyDrive/mark4.2/data/train/others_494.wav,others
/content/drive/MyDrive/mark4.2/data/train/others_495.wav,others
/content/drive/MyDrive/mark4.2/data/train/others_496.wav,others
/content/drive/MyDrive/mark4.2/data/train/others_497.wav,others
/content/drive/MyDrive/mark4.2/data/train/others_498.wav,others
/content/drive/MyDrive/mark4.2/data/train/others_499.wav,others
/content/drive/MyDrive/mark4.2/data/train/others_5.wav,others
/content/drive/MyDrive/mark4.2/data/train/others_50.wav,others
/content/drive/MyDrive/mark4.2/data/train/others_500.wav,others
/content/drive/MyDrive/mark4.2/data/train/others_51.wav,others
/content/drive/MyDrive/mark4.2/data/train/others_52.wav,others
/content/drive/MyDrive/mark4.2/data/train/others_53.wav,others
/content/drive/MyDrive/mark4.2/data/train/others_54.wav,others
/content/drive/MyDrive/mark4.2/data/train/others_55.wav,others
/content/drive/MyDrive/mark4.2/data/train/others_56.wav,others
/content/drive/MyDrive/mark4.2/data/train/others_57.wav,others
/content/drive/MyDrive/mark4.2/data/train/others_58.wav,others
/content/drive/MyDrive/mark4.2/data/train/others_59.wav,others
/content/drive/MyDrive/mark4.2/data/train/others_6.wav,others
/content/drive/MyDrive/mark4.2/data/train/others_60.wav,others
/content/drive/MyDrive/mark4.2/data/train/others_61.wav,others
/content/drive/MyDrive/mark4.2/data/train/others_62.wav,others
/content/drive/MyDrive/mark4.2/data/train/others_63.wav,others
/content/drive/MyDrive/mark4.2/data/train/others_64.wav,others
/content/drive/MyDrive/mark4.2/data/train/others_65.wav,others
/content/drive/MyDrive/mark4.2/data/train/others_66.wav,others
/content/drive/MyDrive/mark4.2/data/train/others_67.wav,others
/content/drive/MyDrive/mark4.2/data/train/others_68.wav,others
/content/drive/MyDrive/mark4.2/data/train/others_69.wav,others
/content/drive/MyDrive/mark4.2/data/train/others_7.wav,others
/content/drive/MyDrive/mark4.2/data/train/others_70.wav,others
/content/drive/MyDrive/mark4.2/data/train/others_71.wav,others
/content/drive/MyDrive/mark4.2/data/train/others_72.wav,others
/content/drive/MyDrive/mark4.2/data/train/others_73.wav,others
/content/drive/MyDrive/mark4.2/data/train/others_74.wav,others
/content/drive/MyDrive/mark4.2/data/train/others_75.wav,others
/content/drive/MyDrive/mark4.2/data/train/others_76.wav,others
/content/drive/MyDrive/mark4.2/data/train/others_77.wav,others
/content/drive/MyDrive/mark4.2/data/train/others_78.wav,others
/content/drive/MyDrive/mark4.2/data/train/others_79.wav,others
/content/drive/MyDrive/mark4.2/data/train/others_8.wav,others
/content/drive/MyDrive/mark4.2/data/train/others_80.wav,others
/content/drive/MyDrive/mark4.2/data/train/others_81.wav,others
/content/drive/MyDrive/mark4.2/data/train/others_82.wav,others
/content/drive/MyDrive/mark4.2/data/train/others_83.wav,others
/content/drive/MyDrive/mark4.2/data/train/others_84.wav,others
/content/drive/MyDrive/mark4.2/data/train/others_85.wav,others
/content/drive/MyDrive/mark4.2/data/train/others_86.wav,others
/content/drive/MyDrive/mark4.2/data/train/others_87.wav,others
/content/drive/MyDrive/mark4.2/data/train/others_88.wav,others
/content/drive/MyDrive/mark4.2/data/train/others_89.wav,others
/content/drive/MyDrive/mark4.2/data/train/others_9.wav,others
/content/drive/MyDrive/mark4.2/data/train/others_90.wav,others
/content/drive/MyDrive/mark4.2/data/train/others_91.wav,others
/content/drive/MyDrive/mark4.2/data/train/others_92.wav,others
/content/drive/MyDrive/mark4.2/data/train/others_93.wav,others
/content/drive/MyDrive/mark4.2/data/train/others_94.wav,others
/content/drive/MyDrive/mark4.2/data/train/others_95.wav,others
/content/drive/MyDrive/mark4.2/data/train/others_96.wav,others
/content/drive/MyDrive/mark4.2/data/train/others_97.wav,others
/content/drive/MyDrive/mark4.2/data/train/others_98.wav,others
/content/drive/MyDrive/mark4.2/data/train/others_99.wav,others
/content/drive/MyDrive/mark4.2/data/val/dragging_601.wav,dragging
/content/drive/MyDrive/mark4.2/data/val/dragging_602.wav,dragging
/content/drive/MyDrive/mark4.2/data/val/dragging_603.wav,dragging
/content/drive/MyDrive/mark4.2/data/val/dragging_604.wav,dragging
/content/drive/MyDrive/mark4.2/data/val/dragging_605.wav,dragging
/content/drive/MyDrive/mark4.2/data/val/dragging_606.wav,dragging
/content/drive/MyDrive/mark4.2/data/val/dragging_607.wav,dragging
/content/drive/MyDrive/mark4.2/data/val/dragging_608.wav,dragging
/content/drive/MyDrive/mark4.2/data/val/dragging_609.wav,dragging
/content/drive/MyDrive/mark4.2/data/val/dragging_610.wav,dragging
/content/drive/MyDrive/mark4.2/data/val/dragging_611.wav,dragging
/content/drive/MyDrive/mark4.2/data/val/dragging_612.wav,dragging
/content/drive/MyDrive/mark4.2/data/val/dragging_613.wav,dragging
/content/drive/MyDrive/mark4.2/data/val/dragging_614.wav,dragging
/content/drive/MyDrive/mark4.2/data/val/dragging_615.wav,dragging
/content/drive/MyDrive/mark4.2/data/val/dragging_616.wav,dragging
/content/drive/MyDrive/mark4.2/data/val/dragging_617.wav,dragging
/content/drive/MyDrive/mark4.2/data/val/dragging_618.wav,dragging
/content/drive/MyDrive/mark4.2/data/val/dragging_619.wav,dragging
/content/drive/MyDrive/mark4.2/data/val/dragging_620.wav,dragging
/content/drive/MyDrive/mark4.2/data/val/dragging_621.wav,dragging
/content/drive/MyDrive/mark4.2/data/val/dragging_622.wav,dragging
/content/drive/MyDrive/mark4.2/data/val/dragging_623.wav,dragging
/content/drive/MyDrive/mark4.2/data/val/dragging_624.wav,dragging
/content/drive/MyDrive/mark4.2/data/val/dragging_625.wav,dragging
/content/drive/MyDrive/mark4.2/data/val/dragging_626.wav,dragging
/content/drive/MyDrive/mark4.2/data/val/dragging_627.wav,dragging
/content/drive/MyDrive/mark4.2/data/val/dragging_628.wav,dragging
/content/drive/MyDrive/mark4.2/data/val/dragging_629.wav,dragging
/content/drive/MyDrive/mark4.2/data/val/dragging_630.wav,dragging
/content/drive/MyDrive/mark4.2/data/val/dragging_631.wav,dragging
/content/drive/MyDrive/mark4.2/data/val/dragging_632.wav,dragging
/content/drive/MyDrive/mark4.2/data/val/dragging_633.wav,dragging
/content/drive/MyDrive/mark4.2/data/val/dragging_634.wav,dragging
/content/drive/MyDrive/mark4.2/data/val/dragging_635.wav,dragging
/content/drive/MyDrive/mark4.2/data/val/dragging_636.wav,dragging
/content/drive/MyDrive/mark4.2/data/val/dragging_637.wav,dragging
/content/drive/MyDrive/mark4.2/data/val/dragging_638.wav,dragging
/content/drive/MyDrive/mark4.2/data/val/dragging_639.wav,dragging
/content/drive/MyDrive/mark4.2/data/val/dragging_640.wav,dragging
/content/drive/MyDrive/mark4.2/data/val/dragging_641.wav,dragging
/content/drive/MyDrive/mark4.2/data/val/dragging_642.wav,dragging
/content/drive/MyDrive/mark4.2/data/val/dragging_643.wav,dragging
/content/drive/MyDrive/mark4.2/data/val/dragging_644.wav,dragging
/content/drive/MyDrive/mark4.2/data/val/dragging_645.wav,dragging
/content/drive/MyDrive/mark4.2/data/val/dragging_646.wav,dragging
/content/drive/MyDrive/mark4.2/data/val/dragging_647.wav,dragging
/content/drive/MyDrive/mark4.2/data/val/dragging_648.wav,dragging
/content/drive/MyDrive/mark4.2/data/val/dragging_649.wav,dragging
/content/drive/MyDrive/mark4.2/data/val/dragging_650.wav,dragging
/content/drive/MyDrive/mark4.2/data/val/dragging_651.wav,dragging
/content/drive/MyDrive/mark4.2/data/val/dragging_652.wav,dragging
/content/drive/MyDrive/mark4.2/data/val/dragging_653.wav,dragging
/content/drive/MyDrive/mark4.2/data/val/dragging_654.wav,dragging
/content/drive/MyDrive/mark4.2/data/val/dragging_655.wav,dragging
/content/drive/MyDrive/mark4.2/data/val/dragging_656.wav,dragging
/content/drive/MyDrive/mark4.2/data/val/dragging_657.wav,dragging
/content/drive/MyDrive/mark4.2/data/val/dragging_658.wav,dragging
/content/drive/MyDrive/mark4.2/data/val/dragging_659.wav,dragging
/content/drive/MyDrive/mark4.2/data/val/dragging_660.wav,dragging
/content/drive/MyDrive/mark4.2/data/val/dragging_661.wav,dragging
/content/drive/MyDrive/mark4.2/data/val/dragging_662.wav,dragging
/content/drive/MyDrive/mark4.2/data/val/dragging_663.wav,dragging
/content/drive/MyDrive/mark4.2/data/val/dragging_664.wav,dragging
/content/drive/MyDrive/mark4.2/data/val/dragging_665.wav,dragging
/content/drive/MyDrive/mark4.2/data/val/dragging_666.wav,dragging
/content/drive/MyDrive/mark4.2/data/val/dragging_667.wav,dragging
/content/drive/MyDrive/mark4.2/data/val/dragging_668.wav,dragging
/content/drive/MyDrive/mark4.2/data/val/dragging_669.wav,dragging
/content/drive/MyDrive/mark4.2/data/val/dragging_670.wav,dragging
/content/drive/MyDrive/mark4.2/data/val/dragging_671.wav,dragging
/content/drive/MyDrive/mark4.2/data/val/dragging_672.wav,dragging
/content/drive/MyDrive/mark4.2/data/val/dragging_673.wav,dragging
/content/drive/MyDrive/mark4.2/data/val/dragging_674.wav,dragging
/content/drive/MyDrive/mark4.2/data/val/dragging_675.wav,dragging
/content/drive/MyDrive/mark4.2/data/val/dragging_676.wav,dragging
/content/drive/MyDrive/mark4.2/data/val/dragging_677.wav,dragging
/content/drive/MyDrive/mark4.2/data/val/dragging_678.wav,dragging
/content/drive/MyDrive/mark4.2/data/val/dragging_679.wav,dragging
/content/drive/MyDrive/mark4.2/data/val/dragging_680.wav,dragging
/content/drive/MyDrive/mark4.2/data/val/dragging_681.wav,dragging
/content/drive/MyDrive/mark4.2/data/val/dragging_682.wav,dragging
/content/drive/MyDrive/mark4.2/data/val/dragging_683.wav,dragging
/content/drive/MyDrive/mark4.2/data/val/dragging_684.wav,dragging
/content/drive/MyDrive/mark4.2/data/val/dragging_685.wav,dragging
/content/drive/MyDrive/mark4.2/data/val/dragging_686.wav,dragging
/content/drive/MyDrive/mark4.2/data/val/dragging_687.wav,dragging
/content/drive/MyDrive/mark4.2/data/val/dragging_688.wav,dragging
/content/drive/MyDrive/mark4.2/data/val/dragging_689.wav,dragging
/content/drive/MyDrive/mark4.2/data/val/dragging_690.wav,dragging
/content/drive/MyDrive/mark4.2/data/val/dragging_691.wav,dragging
/content/drive/MyDrive/mark4.2/data/val/dragging_692.wav,dragging
/content/drive/MyDrive/mark4.2/data/val/dragging_693.wav,dragging
/content/drive/MyDrive/mark4.2/data/val/dragging_694.wav,dragging
/content/drive/MyDrive/mark4.2/data/val/dragging_695.wav,dragging
/content/drive/MyDrive/mark4.2/data/val/dragging_696.wav,dragging
/content/drive/MyDrive/mark4.2/data/val/dragging_697.wav,dragging
/content/drive/MyDrive/mark4.2/data/val/dragging_698.wav,dragging
/content/drive/MyDrive/mark4.2/data/val/dragging_699.wav,dragging
/content/drive/MyDrive/mark4.2/data/val/dragging_700.wav,dragging
/content/drive/MyDrive/mark4.2/data/val/others_1401.wav,others
/content/drive/MyDrive/mark4.2/data/val/others_1402.wav,others
/content/drive/MyDrive/mark4.2/data/val/others_1403.wav,others
/content/drive/MyDrive/mark4.2/data/val/others_1404.wav,others
/content/drive/MyDrive/mark4.2/data/val/others_1405.wav,others
/content/drive/MyDrive/mark4.2/data/val/others_1406.wav,others
/content/drive/MyDrive/mark4.2/data/val/others_1407.wav,others
/content/drive/MyDrive/mark4.2/data/val/others_1408.wav,others
/content/drive/MyDrive/mark4.2/data/val/others_1409.wav,others
/content/drive/MyDrive/mark4.2/data/val/others_1410.wav,others
/content/drive/MyDrive/mark4.2/data/val/others_1411.wav,others
/content/drive/MyDrive/mark4.2/data/val/others_1412.wav,others
/content/drive/MyDrive/mark4.2/data/val/others_1413.wav,others
/content/drive/MyDrive/mark4.2/data/val/others_1414.wav,others
/content/drive/MyDrive/mark4.2/data/val/others_1415.wav,others
/content/drive/MyDrive/mark4.2/data/val/others_1416.wav,others
/content/drive/MyDrive/mark4.2/data/val/others_1417.wav,others
/content/drive/MyDrive/mark4.2/data/val/others_1418.wav,others
/content/drive/MyDrive/mark4.2/data/val/others_1419.wav,others
/content/drive/MyDrive/mark4.2/data/val/others_1420.wav,others
/content/drive/MyDrive/mark4.2/data/val/others_1421.wav,others
/content/drive/MyDrive/mark4.2/data/val/others_1422.wav,others
/content/drive/MyDrive/mark4.2/data/val/others_1423.wav,others
/content/drive/MyDrive/mark4.2/data/val/others_1424.wav,others
/content/drive/MyDrive/mark4.2/data/val/others_1425.wav,others
/content/drive/MyDrive/mark4.2/data/val/others_1426.wav,others
/content/drive/MyDrive/mark4.2/data/val/others_1427.wav,others
/content/drive/MyDrive/mark4.2/data/val/others_1428.wav,others
/content/drive/MyDrive/mark4.2/data/val/others_1429.wav,others
/content/drive/MyDrive/mark4.2/data/val/others_1430.wav,others
/content/drive/MyDrive/mark4.2/data/val/others_1431.wav,others
/content/drive/MyDrive/mark4.2/data/val/others_1432.wav,others
/content/drive/MyDrive/mark4.2/data/val/others_1433.wav,others
/content/drive/MyDrive/mark4.2/data/val/others_1434.wav,others
/content/drive/MyDrive/mark4.2/data/val/others_1435.wav,others
/content/drive/MyDrive/mark4.2/data/val/others_1436.wav,others
/content/drive/MyDrive/mark4.2/data/val/others_1437.wav,others
/content/drive/MyDrive/mark4.2/data/val/others_1438.wav,others
/content/drive/MyDrive/mark4.2/data/val/others_1439.wav,others
/content/drive/MyDrive/mark4.2/data/val/others_1440.wav,others
/content/drive/MyDrive/mark4.2/data/val/others_1441.wav,others
/content/drive/MyDrive/mark4.2/data/val/others_1442.wav,others
/content/drive/MyDrive/mark4.2/data/val/others_1443.wav,others
/content/drive/MyDrive/mark4.2/data/val/others_1444.wav,others
/content/drive/MyDrive/mark4.2/data/val/others_1445.wav,others
/content/drive/MyDrive/mark4.2/data/val/others_1446.wav,others
/content/drive/MyDrive/mark4.2/data/val/others_1447.wav,others
/content/drive/MyDrive/mark4.2/data/val/others_1448.wav,others
/content/drive/MyDrive/mark4.2/data/val/others_1449.wav,others
/content/drive/MyDrive/mark4.2/data/val/others_1450.wav,others
/content/drive/MyDrive/mark4.2/data/val/others_1451.wav,others
/content/drive/MyDrive/mark4.2/data/val/others_1452.wav,others
/content/drive/MyDrive/mark4.2/data/val/others_1453.wav,others
/content/drive/MyDrive/mark4.2/data/val/others_1454.wav,others
/content/drive/MyDrive/mark4.2/data/val/others_1455.wav,others
/content/drive/MyDrive/mark4.2/data/val/others_1456.wav,others
/content/drive/MyDrive/mark4.2/data/val/others_1457.wav,others
/content/drive/MyDrive/mark4.2/data/val/others_1458.wav,others
/content/drive/MyDrive/mark4.2/data/val/others_1459.wav,others
/content/drive/MyDrive/mark4.2/data/val/others_1460.wav,others
/content/drive/MyDrive/mark4.2/data/val/others_1461.wav,others
/content/drive/MyDrive/mark4.2/data/val/others_1462.wav,others
/content/drive/MyDrive/mark4.2/data/val/others_1463.wav,others
/content/drive/MyDrive/mark4.2/data/val/others_1464.wav,others
/content/drive/MyDrive/mark4.2/data/val/others_1465.wav,others
/content/drive/MyDrive/mark4.2/data/val/others_1466.wav,others
/content/drive/MyDrive/mark4.2/data/val/others_1467.wav,others
/content/drive/MyDrive/mark4.2/data/val/others_1468.wav,others
/content/drive/MyDrive/mark4.2/data/val/others_1469.wav,others
/content/drive/MyDrive/mark4.2/data/val/others_1470.wav,others
/content/drive/MyDrive/mark4.2/data/val/others_1471.wav,others
/content/drive/MyDrive/mark4.2/data/val/others_1472.wav,others
/content/drive/MyDrive/mark4.2/data/val/others_1473.wav,others
/content/drive/MyDrive/mark4.2/data/val/others_1474.wav,others
/content/drive/MyDrive/mark4.2/data/val/others_1475.wav,others
/content/drive/MyDrive/mark4.2/data/val/others_1476.wav,others
/content/drive/MyDrive/mark4.2/data/val/others_1477.wav,others
/content/drive/MyDrive/mark4.2/data/val/others_1478.wav,others
/content/drive/MyDrive/mark4.2/data/val/others_1479.wav,others
/content/drive/MyDrive/mark4.2/data/val/others_1480.wav,others
/content/drive/MyDrive/mark4.2/data/val/others_1481.wav,others
/content/drive/MyDrive/mark4.2/data/val/others_1482.wav,others
/content/drive/MyDrive/mark4.2/data/val/others_1483.wav,others
/content/drive/MyDrive/mark4.2/data/val/others_1484.wav,others
/content/drive/MyDrive/mark4.2/data/val/others_1485.wav,others
/content/drive/MyDrive/mark4.2/data/val/others_1486.wav,others
/content/drive/MyDrive/mark4.2/data/val/others_1487.wav,others
/content/drive/MyDrive/mark4.2/data/val/others_1488.wav,others
/content/drive/MyDrive/mark4.2/data/val/others_1489.wav,others
/content/drive/MyDrive/mark4.2/data/val/others_1490.wav,others
/content/drive/MyDrive/mark4.2/data/val/others_1491.wav,others
/content/drive/MyDrive/mark4.2/data/val/others_1492.wav,others
/content/drive/MyDrive/mark4.2/data/val/others_1493.wav,others
/content/drive/MyDrive/mark4.2/data/val/others_1494.wav,others
/content/drive/MyDrive/mark4.2/data/val/others_1495.wav,others
/content/drive/MyDrive/mark4.2/data/val/others_1496.wav,others
/content/drive/MyDrive/mark4.2/data/val/others_1497.wav,others
/content/drive/MyDrive/mark4.2/data/val/others_1498.wav,others
/content/drive/MyDrive/mark4.2/data/val/others_1499.wav,others
/content/drive/MyDrive/mark4.2/data/val/others_1500.wav,others
